dimension,severity,id,name,detail
D3_category_subgroup_mismatch,HIGH,bedca_0013,Repollo,"{""category"": ""carbs"", ""subgroup"": ""vegetables"", ""allowed_sample"": [""fruit"", ""frutos_bosque"", ""grains"", ""legumes"", ""other_carbs""]}"
D3_category_subgroup_mismatch,HIGH,bedca_0019,"Zanahoria, cruda","{""category"": ""vegetables"", ""subgroup"": ""root_veg"", ""allowed_sample"": [""fruiting_veg"", ""other_veg"", ""vegetables""]}"
D3_category_subgroup_mismatch,HIGH,bedca_0022,Borraja,"{""category"": ""vegetables"", ""subgroup"": ""leafy"", ""allowed_sample"": [""fruiting_veg"", ""other_veg"", ""vegetables""]}"
D3_category_subgroup_mismatch,HIGH,bedca_0038,Rabano,"{""category"": ""vegetables"", ""subgroup"": ""root_veg"", ""allowed_sample"": [""fruiting_veg"", ""other_veg"", ""vegetables""]}"
D3_category_subgroup_mismatch,HIGH,bedca_0042,"Acelga, cruda","{""category"": ""vegetables"", ""subgroup"": ""leafy"", ""allowed_sample"": [""fruiting_veg"", ""other_veg"", ""vegetables""]}"
D3_category_subgroup_mismatch,HIGH,bedca_0056,"Apio, crudo","{""category"": ""vegetables"", ""subgroup"": ""stalk_veg"", ""allowed_sample"": [""fruiting_veg"", ""other_veg"", ""vegetables""]}"
D3_category_subgroup_mismatch,HIGH,bedca_0063,Canonigos,"{""category"": ""vegetables"", ""subgroup"": ""leafy"", ""allowed_sample"": [""fruiting_veg"", ""other_veg"", ""vegetables""]}"
D3_category_subgroup_mismatch,HIGH,bedca_0069,Datil,"{""category"": ""fruits"", ""subgroup"": ""nuts_seeds"", ""allowed_sample"": [""fruit"", ""frutos_bosque"", ""tropical""]}"
D3_category_subgroup_mismatch,HIGH,bedca_0078,Ajo,"{""category"": ""other"", ""subgroup"": ""vegetables"", ""allowed_sample"": [""other""]}"
D3_category_subgroup_mismatch,HIGH,bedca_0079,Cebolla,"{""category"": ""vegetables"", ""subgroup"": ""allium"", ""allowed_sample"": [""fruiting_veg"", ""other_veg"", ""vegetables""]}"
D3_category_subgroup_mismatch,HIGH,bedca_0083,Escarola,"{""category"": ""vegetables"", ""subgroup"": ""leafy"", ""allowed_sample"": [""fruiting_veg"", ""other_veg"", ""vegetables""]}"
D3_category_subgroup_mismatch,HIGH,bedca_0086,Uva pasa,"{""category"": ""fruits"", ""subgroup"": ""nuts_seeds"", ""allowed_sample"": [""fruit"", ""frutos_bosque"", ""tropical""]}"
D3_category_subgroup_mismatch,HIGH,bedca_0093,Cilantro,"{""category"": ""other"", ""subgroup"": ""vegetables"", ""allowed_sample"": [""other""]}"
D3_category_subgroup_mismatch,HIGH,bedca_0098,"Esparragos blanco, en conserva","{""category"": ""vegetables"", ""subgroup"": ""stalk_veg"", ""allowed_sample"": [""fruiting_veg"", ""other_veg"", ""vegetables""]}"
D3_category_subgroup_mismatch,HIGH,bedca_0106,Endibia,"{""category"": ""vegetables"", ""subgroup"": ""leafy"", ""allowed_sample"": [""fruiting_veg"", ""other_veg"", ""vegetables""]}"
D3_category_subgroup_mismatch,HIGH,bedca_0110,Eneldo,"{""category"": ""carbs"", ""subgroup"": ""vegetables"", ""allowed_sample"": [""fruit"", ""frutos_bosque"", ""grains"", ""legumes"", ""other_carbs""]}"
D3_category_subgroup_mismatch,HIGH,bedca_0111,Romero,"{""category"": ""carbs"", ""subgroup"": ""vegetables"", ""allowed_sample"": [""fruit"", ""frutos_bosque"", ""grains"", ""legumes"", ""other_carbs""]}"
D3_category_subgroup_mismatch,HIGH,bedca_0112,Comino,"{""category"": ""carbs"", ""subgroup"": ""vegetables"", ""allowed_sample"": [""fruit"", ""frutos_bosque"", ""grains"", ""legumes"", ""other_carbs""]}"
D3_category_subgroup_mismatch,HIGH,bedca_0113,Tomillo,"{""category"": ""carbs"", ""subgroup"": ""vegetables"", ""allowed_sample"": [""fruit"", ""frutos_bosque"", ""grains"", ""legumes"", ""other_carbs""]}"
D3_category_subgroup_mismatch,HIGH,bedca_0115,Rucula,"{""category"": ""vegetables"", ""subgroup"": ""leafy"", ""allowed_sample"": [""fruiting_veg"", ""other_veg"", ""vegetables""]}"
D3_category_subgroup_mismatch,HIGH,bedca_0136,"Coliflor, hervida","{""category"": ""vegetables"", ""subgroup"": ""cruciferous"", ""allowed_sample"": [""fruiting_veg"", ""other_veg"", ""vegetables""]}"
D3_category_subgroup_mismatch,HIGH,bedca_0140,Bambú. crudo,"{""category"": ""vegetables"", ""subgroup"": ""stalk_veg"", ""allowed_sample"": [""fruiting_veg"", ""other_veg"", ""vegetables""]}"
D3_category_subgroup_mismatch,HIGH,bedca_0146,"Brécol, hervido","{""category"": ""vegetables"", ""subgroup"": ""cruciferous"", ""allowed_sample"": [""fruiting_veg"", ""other_veg"", ""vegetables""]}"
D3_category_subgroup_mismatch,HIGH,bedca_0156,Torta de aceite,"{""category"": ""fat"", ""subgroup"": ""sweets_bakery"", ""allowed_sample"": [""avocado"", ""butter_margarine"", ""nuts_seeds"", ""olive_oil"", ""other_fat""]}"
D3_category_subgroup_mismatch,HIGH,bedca_0168,Flamenquín,"{""category"": ""protein"", ""subgroup"": ""processed_protein"", ""allowed_sample"": [""eggs"", ""fish_fatty"", ""fish_white"", ""meat"", ""meat_fatty""]}"
D3_category_subgroup_mismatch,HIGH,bedca_0175,Ensalada,"{""category"": ""other"", ""subgroup"": ""vegetables"", ""allowed_sample"": [""other""]}"
D3_category_subgroup_mismatch,HIGH,bedca_0181,Crema catalana,"{""category"": ""other"", ""subgroup"": ""sweets_bakery"", ""allowed_sample"": [""other""]}"
D3_category_subgroup_mismatch,HIGH,bedca_0187,Gazpacho,"{""category"": ""other"", ""subgroup"": ""vegetables"", ""allowed_sample"": [""other""]}"
D3_category_subgroup_mismatch,HIGH,bedca_0191,"Cebolla, hervida","{""category"": ""vegetables"", ""subgroup"": ""allium"", ""allowed_sample"": [""fruiting_veg"", ""other_veg"", ""vegetables""]}"
D3_category_subgroup_mismatch,HIGH,bedca_0202,Pepinillos en vinagre,"{""category"": ""other"", ""subgroup"": ""vegetables"", ""allowed_sample"": [""other""]}"
D3_category_subgroup_mismatch,HIGH,bedca_0209,"Pescado, genérico","{""category"": ""protein"", ""subgroup"": ""fish"", ""allowed_sample"": [""eggs"", ""fish_fatty"", ""fish_white"", ""meat"", ""meat_fatty""]}"
D3_category_subgroup_mismatch,HIGH,bedca_0219,"Espinaca, hervida","{""category"": ""vegetables"", ""subgroup"": ""leafy"", ""allowed_sample"": [""fruiting_veg"", ""other_veg"", ""vegetables""]}"
D3_category_subgroup_mismatch,HIGH,bedca_0220,"Pez emperador, plancha","{""category"": ""protein"", ""subgroup"": ""fish"", ""allowed_sample"": [""eggs"", ""fish_fatty"", ""fish_white"", ""meat"", ""meat_fatty""]}"
D3_category_subgroup_mismatch,HIGH,bedca_0229,"Acelgas, hervidas","{""category"": ""vegetables"", ""subgroup"": ""leafy"", ""allowed_sample"": [""fruiting_veg"", ""other_veg"", ""vegetables""]}"
D3_category_subgroup_mismatch,HIGH,bedca_0230,"Cebolla, asada","{""category"": ""vegetables"", ""subgroup"": ""allium"", ""allowed_sample"": [""fruiting_veg"", ""other_veg"", ""vegetables""]}"
D3_category_subgroup_mismatch,HIGH,bedca_0231,"Judia verde, hervida","{""category"": ""carbs"", ""subgroup"": ""vegetables"", ""allowed_sample"": [""fruit"", ""frutos_bosque"", ""grains"", ""legumes"", ""other_carbs""]}"
D3_category_subgroup_mismatch,HIGH,bedca_0233,Hinojo,"{""category"": ""other"", ""subgroup"": ""vegetables"", ""allowed_sample"": [""other""]}"
D3_category_subgroup_mismatch,HIGH,bedca_0244,"Remolacha, en conserva","{""category"": ""vegetables"", ""subgroup"": ""root_veg"", ""allowed_sample"": [""fruiting_veg"", ""other_veg"", ""vegetables""]}"
D3_category_subgroup_mismatch,HIGH,bedca_0246,"Sargo, crudo","{""category"": ""protein"", ""subgroup"": ""fish"", ""allowed_sample"": [""eggs"", ""fish_fatty"", ""fish_white"", ""meat"", ""meat_fatty""]}"
D3_category_subgroup_mismatch,HIGH,bedca_0247,Trucha,"{""category"": ""protein"", ""subgroup"": ""fish"", ""allowed_sample"": [""eggs"", ""fish_fatty"", ""fish_white"", ""meat"", ""meat_fatty""]}"
D3_category_subgroup_mismatch,HIGH,bedca_0248,"Sardina, enlatada, en aceite, escurrida","{""category"": ""fat"", ""subgroup"": ""fish"", ""allowed_sample"": [""avocado"", ""butter_margarine"", ""nuts_seeds"", ""olive_oil"", ""other_fat""]}"
D3_category_subgroup_mismatch,HIGH,bedca_0261,"Macedonia de frutas, conserva en su jugo","{""category"": ""other"", ""subgroup"": ""fruit"", ""allowed_sample"": [""other""]}"
D3_category_subgroup_mismatch,HIGH,bedca_0265,Alcachofas en conserva,"{""category"": ""vegetables"", ""subgroup"": ""stalk_veg"", ""allowed_sample"": [""fruiting_veg"", ""other_veg"", ""vegetables""]}"
D3_category_subgroup_mismatch,HIGH,bedca_0302,"Palmito, en conserva","{""category"": ""other"", ""subgroup"": ""vegetables"", ""allowed_sample"": [""other""]}"
D3_category_subgroup_mismatch,HIGH,bedca_0309,"Nabo, pelado, crudo","{""category"": ""vegetables"", ""subgroup"": ""root_veg"", ""allowed_sample"": [""fruiting_veg"", ""other_veg"", ""vegetables""]}"
D3_category_subgroup_mismatch,HIGH,bedca_0310,"Mújol, crudo","{""category"": ""protein"", ""subgroup"": ""fish"", ""allowed_sample"": [""eggs"", ""fish_fatty"", ""fish_white"", ""meat"", ""meat_fatty""]}"
D3_category_subgroup_mismatch,HIGH,bedca_0319,"Menta, fresca","{""category"": ""other"", ""subgroup"": ""vegetables"", ""allowed_sample"": [""other""]}"
D3_category_subgroup_mismatch,HIGH,bedca_0324,"Lima, cruda","{""category"": ""other"", ""subgroup"": ""fruit"", ""allowed_sample"": [""other""]}"
D3_category_subgroup_mismatch,HIGH,bedca_0332,"Puerro, en conserva","{""category"": ""vegetables"", ""subgroup"": ""allium"", ""allowed_sample"": [""fruiting_veg"", ""other_veg"", ""vegetables""]}"
D3_category_subgroup_mismatch,HIGH,bedca_0337,"Platija, cruda","{""category"": ""protein"", ""subgroup"": ""fish"", ""allowed_sample"": [""eggs"", ""fish_fatty"", ""fish_white"", ""meat"", ""meat_fatty""]}"
D3_category_subgroup_mismatch,HIGH,bedca_0344,"Perejil, fresco","{""category"": ""other"", ""subgroup"": ""vegetables"", ""allowed_sample"": [""other""]}"
D3_category_subgroup_mismatch,HIGH,bedca_0354,Nectarina,"{""category"": ""other"", ""subgroup"": ""fruit"", ""allowed_sample"": [""other""]}"
D3_category_subgroup_mismatch,HIGH,bedca_0372,Bacaladilla,"{""category"": ""protein"", ""subgroup"": ""fish"", ""allowed_sample"": [""eggs"", ""fish_fatty"", ""fish_white"", ""meat"", ""meat_fatty""]}"
D3_category_subgroup_mismatch,HIGH,bedca_0378,Manzana,"{""category"": ""fruits"", ""subgroup"": ""nuts_seeds"", ""allowed_sample"": [""fruit"", ""frutos_bosque"", ""tropical""]}"
D3_category_subgroup_mismatch,HIGH,bedca_0385,Lechuga,"{""category"": ""vegetables"", ""subgroup"": ""leafy"", ""allowed_sample"": [""fruiting_veg"", ""other_veg"", ""vegetables""]}"
D3_category_subgroup_mismatch,HIGH,bedca_0390,Zamburiñas,"{""category"": ""protein"", ""subgroup"": ""fish"", ""allowed_sample"": [""eggs"", ""fish_fatty"", ""fish_white"", ""meat"", ""meat_fatty""]}"
D3_category_subgroup_mismatch,HIGH,bedca_0392,Vinagre balsamico,"{""category"": ""other"", ""subgroup"": ""other_carbs"", ""allowed_sample"": [""other""]}"
D3_category_subgroup_mismatch,HIGH,bedca_0395,Paella marinera,"{""category"": ""other"", ""subgroup"": ""other_carbs"", ""allowed_sample"": [""other""]}"
D3_category_subgroup_mismatch,HIGH,bedca_0398,Guisantes en conserva,"{""category"": ""other"", ""subgroup"": ""vegetables"", ""allowed_sample"": [""other""]}"
D3_category_subgroup_mismatch,HIGH,bedca_0399,Grelo,"{""category"": ""vegetables"", ""subgroup"": ""leafy"", ""allowed_sample"": [""fruiting_veg"", ""other_veg"", ""vegetables""]}"
D3_category_subgroup_mismatch,HIGH,bedca_0402,Pez emperador,"{""category"": ""protein"", ""subgroup"": ""fish"", ""allowed_sample"": [""eggs"", ""fish_fatty"", ""fish_white"", ""meat"", ""meat_fatty""]}"
D3_category_subgroup_mismatch,HIGH,bedca_0404,Pera,"{""category"": ""fruits"", ""subgroup"": ""nuts_seeds"", ""allowed_sample"": [""fruit"", ""frutos_bosque"", ""tropical""]}"
D3_category_subgroup_mismatch,HIGH,bedca_0409,Cremoso san millan,"{""category"": ""dairy"", ""subgroup"": ""cheese"", ""allowed_sample"": [""aged_cheese"", ""fresh_cheese"", ""high_protein_dairy"", ""low_fat_dairy"", ""other_dairy""]}"
D3_category_subgroup_mismatch,HIGH,bedca_0436,"Zanahoria, zumo fresco","{""category"": ""vegetables"", ""subgroup"": ""root_veg"", ""allowed_sample"": [""fruiting_veg"", ""other_veg"", ""vegetables""]}"
D3_category_subgroup_mismatch,HIGH,bedca_0445,Lombarda,"{""category"": ""vegetables"", ""subgroup"": ""cruciferous"", ""allowed_sample"": [""fruiting_veg"", ""other_veg"", ""vegetables""]}"
D3_category_subgroup_mismatch,HIGH,bedca_0451,Esparragos blancos en conserva,"{""category"": ""vegetables"", ""subgroup"": ""stalk_veg"", ""allowed_sample"": [""fruiting_veg"", ""other_veg"", ""vegetables""]}"
D3_category_subgroup_mismatch,HIGH,bedca_0453,Cuajada,"{""category"": ""dairy"", ""subgroup"": ""basic_dairy"", ""allowed_sample"": [""aged_cheese"", ""fresh_cheese"", ""high_protein_dairy"", ""low_fat_dairy"", ""other_dairy""]}"
D3_category_subgroup_mismatch,HIGH,bedca_0458,Choped pork,"{""category"": ""protein"", ""subgroup"": ""processed_protein"", ""allowed_sample"": [""eggs"", ""fish_fatty"", ""fish_white"", ""meat"", ""meat_fatty""]}"
D3_category_subgroup_mismatch,HIGH,bedca_0464,Cardo,"{""category"": ""vegetables"", ""subgroup"": ""stalk_veg"", ""allowed_sample"": [""fruiting_veg"", ""other_veg"", ""vegetables""]}"
D3_category_subgroup_mismatch,HIGH,bedca_0506,"Eneldo, seco","{""category"": ""carbs"", ""subgroup"": ""vegetables"", ""allowed_sample"": [""fruit"", ""frutos_bosque"", ""grains"", ""legumes"", ""other_carbs""]}"
D3_category_subgroup_mismatch,HIGH,bedca_0526,"Carpa, cruda","{""category"": ""protein"", ""subgroup"": ""fish"", ""allowed_sample"": [""eggs"", ""fish_fatty"", ""fish_white"", ""meat"", ""meat_fatty""]}"
D3_category_subgroup_mismatch,HIGH,bedca_0527,Caviar,"{""category"": ""protein"", ""subgroup"": ""fish"", ""allowed_sample"": [""eggs"", ""fish_fatty"", ""fish_white"", ""meat"", ""meat_fatty""]}"
D3_category_subgroup_mismatch,HIGH,bedca_0542,Caldo vegetal,"{""category"": ""other"", ""subgroup"": ""vegetables"", ""allowed_sample"": [""other""]}"
D3_category_subgroup_mismatch,HIGH,bedca_0579,"Zumo de zanahoria, fresco","{""category"": ""vegetables"", ""subgroup"": ""root_veg"", ""allowed_sample"": [""fruiting_veg"", ""other_veg"", ""vegetables""]}"
D3_category_subgroup_mismatch,HIGH,bedca_0589,Crema de almendras,"{""category"": ""carbs"", ""subgroup"": ""nuts_seeds"", ""allowed_sample"": [""fruit"", ""frutos_bosque"", ""grains"", ""legumes"", ""other_carbs""]}"
D3_category_subgroup_mismatch,HIGH,bedca_0601,"Espinaca, en conserva","{""category"": ""vegetables"", ""subgroup"": ""leafy"", ""allowed_sample"": [""fruiting_veg"", ""other_veg"", ""vegetables""]}"
D3_category_subgroup_mismatch,HIGH,bedca_0602,"Col blanca, cruda","{""category"": ""vegetables"", ""subgroup"": ""cruciferous"", ""allowed_sample"": [""fruiting_veg"", ""other_veg"", ""vegetables""]}"
D3_category_subgroup_mismatch,HIGH,bedca_0607,"Acelga, en conserva","{""category"": ""vegetables"", ""subgroup"": ""leafy"", ""allowed_sample"": [""fruiting_veg"", ""other_veg"", ""vegetables""]}"
D3_category_subgroup_mismatch,HIGH,bedca_0610,"Cardo, tallo, en conserva","{""category"": ""vegetables"", ""subgroup"": ""stalk_veg"", ""allowed_sample"": [""fruiting_veg"", ""other_veg"", ""vegetables""]}"
D3_category_subgroup_mismatch,HIGH,bedca_0613,"Masa de hojaldre, cruda","{""category"": ""fat"", ""subgroup"": ""sweets_bakery"", ""allowed_sample"": [""avocado"", ""butter_margarine"", ""nuts_seeds"", ""olive_oil"", ""other_fat""]}"
D3_category_subgroup_mismatch,HIGH,bedca_0618,"Col lombarda, hervida","{""category"": ""vegetables"", ""subgroup"": ""cruciferous"", ""allowed_sample"": [""fruiting_veg"", ""other_veg"", ""vegetables""]}"
D3_category_subgroup_mismatch,HIGH,bedca_0619,"Cebollino, crudo","{""category"": ""vegetables"", ""subgroup"": ""allium"", ""allowed_sample"": [""fruiting_veg"", ""other_veg"", ""vegetables""]}"
D3_category_subgroup_mismatch,HIGH,bedca_0622,"Berro, crudo","{""category"": ""vegetables"", ""subgroup"": ""leafy"", ""allowed_sample"": [""fruiting_veg"", ""other_veg"", ""vegetables""]}"
D3_category_subgroup_mismatch,HIGH,bedca_0623,"Alcachofa, cruda","{""category"": ""vegetables"", ""subgroup"": ""stalk_veg"", ""allowed_sample"": [""fruiting_veg"", ""other_veg"", ""vegetables""]}"
D3_category_subgroup_mismatch,HIGH,bedca_0629,Zumo de lima,"{""category"": ""other"", ""subgroup"": ""fruit"", ""allowed_sample"": [""other""]}"
D3_category_subgroup_mismatch,HIGH,bedca_0641,"Crema de almendras, envasada, sin reconstituir","{""category"": ""carbs"", ""subgroup"": ""nuts_seeds"", ""allowed_sample"": [""fruit"", ""frutos_bosque"", ""grains"", ""legumes"", ""other_carbs""]}"
D3_category_subgroup_mismatch,HIGH,bedca_0643,"Néctar de mango, envasado","{""category"": ""other"", ""subgroup"": ""fruit"", ""allowed_sample"": [""other""]}"
D3_category_subgroup_mismatch,HIGH,bedca_0658,"Guayaba, enlatada en almíbar","{""category"": ""other"", ""subgroup"": ""fruit"", ""allowed_sample"": [""other""]}"
D3_category_subgroup_mismatch,HIGH,bedca_0659,"Membrillo, crudo","{""category"": ""fruits"", ""subgroup"": ""nuts_seeds"", ""allowed_sample"": [""fruit"", ""frutos_bosque"", ""tropical""]}"
D3_category_subgroup_mismatch,HIGH,bedca_0668,"Limón, zumo, fresco","{""category"": ""other"", ""subgroup"": ""fruit"", ""allowed_sample"": [""other""]}"
D3_category_subgroup_mismatch,HIGH,bedca_0715,Crema inglesa,"{""category"": ""dairy"", ""subgroup"": ""sweets_bakery"", ""allowed_sample"": [""aged_cheese"", ""fresh_cheese"", ""high_protein_dairy"", ""low_fat_dairy"", ""other_dairy""]}"
D3_category_subgroup_mismatch,HIGH,bedca_0735,"Bacón, ahumado, a la parrilla","{""category"": ""protein"", ""subgroup"": ""processed_protein"", ""allowed_sample"": [""eggs"", ""fish_fatty"", ""fish_white"", ""meat"", ""meat_fatty""]}"
D3_category_subgroup_mismatch,HIGH,bedca_0744,"Bonito, enlatado en aceite, escurrido","{""category"": ""fat"", ""subgroup"": ""fish"", ""allowed_sample"": [""avocado"", ""butter_margarine"", ""nuts_seeds"", ""olive_oil"", ""other_fat""]}"
D3_category_subgroup_mismatch,HIGH,bedca_0746,"Perca, al horno","{""category"": ""protein"", ""subgroup"": ""fish"", ""allowed_sample"": [""eggs"", ""fish_fatty"", ""fish_white"", ""meat"", ""meat_fatty""]}"
D3_category_subgroup_mismatch,HIGH,bedca_0747,"Lucio, al horno","{""category"": ""protein"", ""subgroup"": ""fish"", ""allowed_sample"": [""eggs"", ""fish_fatty"", ""fish_white"", ""meat"", ""meat_fatty""]}"
D3_category_subgroup_mismatch,HIGH,bedca_0748,"Carpa, al horno","{""category"": ""protein"", ""subgroup"": ""fish"", ""allowed_sample"": [""eggs"", ""fish_fatty"", ""fish_white"", ""meat"", ""meat_fatty""]}"
D3_category_subgroup_mismatch,HIGH,bedca_0749,"Platija, al vapor","{""category"": ""protein"", ""subgroup"": ""fish"", ""allowed_sample"": [""eggs"", ""fish_fatty"", ""fish_white"", ""meat"", ""meat_fatty""]}"
D3_category_subgroup_mismatch,HIGH,bedca_0752,"Mújol, al horno","{""category"": ""protein"", ""subgroup"": ""fish"", ""allowed_sample"": [""eggs"", ""fish_fatty"", ""fish_white"", ""meat"", ""meat_fatty""]}"
D3_category_subgroup_mismatch,HIGH,bedca_0756,"Col de bruselas, cruda","{""category"": ""vegetables"", ""subgroup"": ""cruciferous"", ""allowed_sample"": [""fruiting_veg"", ""other_veg"", ""vegetables""]}"
D3_category_subgroup_mismatch,HIGH,bedca_0757,"Brécol, crudo","{""category"": ""vegetables"", ""subgroup"": ""cruciferous"", ""allowed_sample"": [""fruiting_veg"", ""other_veg"", ""vegetables""]}"
D3_category_subgroup_mismatch,HIGH,bedca_0763,"Caballa, enlatada en aceite, escurrida","{""category"": ""fat"", ""subgroup"": ""fish"", ""allowed_sample"": [""avocado"", ""butter_margarine"", ""nuts_seeds"", ""olive_oil"", ""other_fat""]}"
D3_category_subgroup_mismatch,HIGH,bedca_0781,"Apio, en conserva en salmuera","{""category"": ""vegetables"", ""subgroup"": ""stalk_veg"", ""allowed_sample"": [""fruiting_veg"", ""other_veg"", ""vegetables""]}"
D3_category_subgroup_mismatch,HIGH,bedca_0805,"Lija, cruda","{""category"": ""protein"", ""subgroup"": ""fish"", ""allowed_sample"": [""eggs"", ""fish_fatty"", ""fish_white"", ""meat"", ""meat_fatty""]}"
D3_category_subgroup_mismatch,HIGH,bedca_0814,Zumo de mango,"{""category"": ""other"", ""subgroup"": ""fruit"", ""allowed_sample"": [""other""]}"
D3_category_subgroup_mismatch,HIGH,bedca_0818,"Espárrago, verde","{""category"": ""vegetables"", ""subgroup"": ""stalk_veg"", ""allowed_sample"": [""fruiting_veg"", ""other_veg"", ""vegetables""]}"
D3_category_subgroup_mismatch,HIGH,bedca_0834,"Achicoria, cruda","{""category"": ""vegetables"", ""subgroup"": ""leafy"", ""allowed_sample"": [""fruiting_veg"", ""other_veg"", ""vegetables""]}"
D3_category_subgroup_mismatch,HIGH,bedca_0852,"Bacaladilla, cruda","{""category"": ""protein"", ""subgroup"": ""fish"", ""allowed_sample"": [""eggs"", ""fish_fatty"", ""fish_white"", ""meat"", ""meat_fatty""]}"
D3_category_subgroup_mismatch,HIGH,bedca_0855,"Col rizada, cruda","{""category"": ""vegetables"", ""subgroup"": ""leafy"", ""allowed_sample"": [""fruiting_veg"", ""other_veg"", ""vegetables""]}"
D3_category_subgroup_mismatch,HIGH,bedca_0859,"Angula, cruda","{""category"": ""protein"", ""subgroup"": ""fish"", ""allowed_sample"": [""eggs"", ""fish_fatty"", ""fish_white"", ""meat"", ""meat_fatty""]}"
D3_category_subgroup_mismatch,HIGH,bedca_0877,"Petit suisse, fresa","{""category"": ""carbs"", ""subgroup"": ""basic_dairy"", ""allowed_sample"": [""fruit"", ""frutos_bosque"", ""grains"", ""legumes"", ""other_carbs""]}"
D3_category_subgroup_mismatch,HIGH,bedca_0883,"Tenca, cruda","{""category"": ""protein"", ""subgroup"": ""fish"", ""allowed_sample"": [""eggs"", ""fish_fatty"", ""fish_white"", ""meat"", ""meat_fatty""]}"
D3_category_subgroup_mismatch,HIGH,bedca_0884,"Salema, cruda","{""category"": ""protein"", ""subgroup"": ""fish"", ""allowed_sample"": [""eggs"", ""fish_fatty"", ""fish_white"", ""meat"", ""meat_fatty""]}"
D3_category_subgroup_mismatch,HIGH,bedca_0885,"Volador, crudo","{""category"": ""protein"", ""subgroup"": ""fish"", ""allowed_sample"": [""eggs"", ""fish_fatty"", ""fish_white"", ""meat"", ""meat_fatty""]}"
D3_category_subgroup_mismatch,HIGH,bedca_0886,"Vieja, cruda","{""category"": ""protein"", ""subgroup"": ""fish"", ""allowed_sample"": [""eggs"", ""fish_fatty"", ""fish_white"", ""meat"", ""meat_fatty""]}"
D3_category_subgroup_mismatch,HIGH,bedca_0889,"Tomate, maduro, puré","{""category"": ""carbs"", ""subgroup"": ""vegetables"", ""allowed_sample"": [""fruit"", ""frutos_bosque"", ""grains"", ""legumes"", ""other_carbs""]}"
D3_category_subgroup_mismatch,HIGH,bedca_0894,"Mousse de yogur, con frutas","{""category"": ""dairy"", ""subgroup"": ""sweets_bakery"", ""allowed_sample"": [""aged_cheese"", ""fresh_cheese"", ""high_protein_dairy"", ""low_fat_dairy"", ""other_dairy""]}"
D3_category_subgroup_mismatch,HIGH,bedca_0895,"Mousse de queso fresco, desnatado, con frutas","{""category"": ""dairy"", ""subgroup"": ""sweets_bakery"", ""allowed_sample"": [""aged_cheese"", ""fresh_cheese"", ""high_protein_dairy"", ""low_fat_dairy"", ""other_dairy""]}"
D3_category_subgroup_mismatch,HIGH,bedca_0896,"Mousse de queso fresco, con frutas","{""category"": ""dairy"", ""subgroup"": ""sweets_bakery"", ""allowed_sample"": [""aged_cheese"", ""fresh_cheese"", ""high_protein_dairy"", ""low_fat_dairy"", ""other_dairy""]}"
D3_category_subgroup_mismatch,HIGH,bedca_0899,"Melocotón, desecado","{""category"": ""fruits"", ""subgroup"": ""nuts_seeds"", ""allowed_sample"": [""fruit"", ""frutos_bosque"", ""tropical""]}"
D3_category_subgroup_mismatch,HIGH,bedca_0903,"Mousse de yogur, natural","{""category"": ""dairy"", ""subgroup"": ""sweets_bakery"", ""allowed_sample"": [""aged_cheese"", ""fresh_cheese"", ""high_protein_dairy"", ""low_fat_dairy"", ""other_dairy""]}"
D3_category_subgroup_mismatch,HIGH,bedca_0916,Néctar de ciruela,"{""category"": ""other"", ""subgroup"": ""fruit"", ""allowed_sample"": [""other""]}"
D3_category_subgroup_mismatch,HIGH,bedca_0917,Néctar de albaricoque,"{""category"": ""other"", ""subgroup"": ""fruit"", ""allowed_sample"": [""other""]}"
D3_category_subgroup_mismatch,HIGH,bedca_0919,"Perca, cruda","{""category"": ""protein"", ""subgroup"": ""fish"", ""allowed_sample"": [""eggs"", ""fish_fatty"", ""fish_white"", ""meat"", ""meat_fatty""]}"
D3_category_subgroup_mismatch,HIGH,bedca_0923,"Néctar de maracuyá, envasado","{""category"": ""other"", ""subgroup"": ""fruit"", ""allowed_sample"": [""other""]}"
D3_category_subgroup_mismatch,HIGH,bedca_0924,Zumo de grosella roja,"{""category"": ""other"", ""subgroup"": ""fruit"", ""allowed_sample"": [""other""]}"
D3_category_subgroup_mismatch,HIGH,bedca_0925,"Zumo de lima, envasado","{""category"": ""other"", ""subgroup"": ""fruit"", ""allowed_sample"": [""other""]}"
D3_category_subgroup_mismatch,HIGH,bedca_0931,"Néctar de frutas exóticas, envasado","{""category"": ""other"", ""subgroup"": ""fruit"", ""allowed_sample"": [""other""]}"
D3_category_subgroup_mismatch,HIGH,bedca_0963,"Zumo de limón, fresco","{""category"": ""other"", ""subgroup"": ""fruit"", ""allowed_sample"": [""other""]}"
D3_category_subgroup_mismatch,HIGH,off_117219e8a5,Yogur bebible frutas del bosque,"{""category"": ""dairy"", ""subgroup"": ""fruit"", ""allowed_sample"": [""aged_cheese"", ""fresh_cheese"", ""high_protein_dairy"", ""low_fat_dairy"", ""other_dairy""]}"
D3_category_subgroup_mismatch,HIGH,off_45a57d43c8,Piña manzana y uva,"{""category"": ""fruits"", ""subgroup"": ""nuts_seeds"", ""allowed_sample"": [""fruit"", ""frutos_bosque"", ""tropical""]}"
D3_category_subgroup_mismatch,HIGH,off_c4edfabc0c,Yogur sabor Plátano,"{""category"": ""dairy"", ""subgroup"": ""fruit"", ""allowed_sample"": [""aged_cheese"", ""fresh_cheese"", ""high_protein_dairy"", ""low_fat_dairy"", ""other_dairy""]}"
D3_category_subgroup_mismatch,HIGH,off_e5edcd5898,Kefir cremoso naranja y mango,"{""category"": ""dairy"", ""subgroup"": ""fruit"", ""allowed_sample"": [""aged_cheese"", ""fresh_cheese"", ""high_protein_dairy"", ""low_fat_dairy"", ""other_dairy""]}"
D3_category_subgroup_mismatch,HIGH,off_aa257c71fe,Yogur con frutas del bosque,"{""category"": ""dairy"", ""subgroup"": ""fruit"", ""allowed_sample"": [""aged_cheese"", ""fresh_cheese"", ""high_protein_dairy"", ""low_fat_dairy"", ""other_dairy""]}"
D3_category_subgroup_mismatch,HIGH,off_d011f0ed45,Go-Lácteo con yogur de pera,"{""category"": ""dairy"", ""subgroup"": ""fruit"", ""allowed_sample"": [""aged_cheese"", ""fresh_cheese"", ""high_protein_dairy"", ""low_fat_dairy"", ""other_dairy""]}"
D3_category_subgroup_mismatch,HIGH,off_7464ef91eb,Yogur Griego con Mango,"{""category"": ""dairy"", ""subgroup"": ""fruit"", ""allowed_sample"": [""aged_cheese"", ""fresh_cheese"", ""high_protein_dairy"", ""low_fat_dairy"", ""other_dairy""]}"
D3_category_subgroup_mismatch,HIGH,off_ff31e08ed6,Yogur al estilo griego con fresas,"{""category"": ""dairy"", ""subgroup"": ""fruit"", ""allowed_sample"": [""aged_cheese"", ""fresh_cheese"", ""high_protein_dairy"", ""low_fat_dairy"", ""other_dairy""]}"
D3_category_subgroup_mismatch,HIGH,off_43f81df998,Bebida de leche y frutas tropical,"{""category"": ""dairy"", ""subgroup"": ""fruit"", ""allowed_sample"": [""aged_cheese"", ""fresh_cheese"", ""high_protein_dairy"", ""low_fat_dairy"", ""other_dairy""]}"
D3_category_subgroup_mismatch,HIGH,off_164c238c18,Manzana cereza,"{""category"": ""fruits"", ""subgroup"": ""nuts_seeds"", ""allowed_sample"": [""fruit"", ""frutos_bosque"", ""tropical""]}"
D3_category_subgroup_mismatch,HIGH,off_0e8d3f64ee,Melocotón manzana uva,"{""category"": ""fruits"", ""subgroup"": ""nuts_seeds"", ""allowed_sample"": [""fruit"", ""frutos_bosque"", ""tropical""]}"
D3_category_subgroup_mismatch,HIGH,off_c5036795cd,Yogur fruta y verdura,"{""category"": ""dairy"", ""subgroup"": ""fruit"", ""allowed_sample"": [""aged_cheese"", ""fresh_cheese"", ""high_protein_dairy"", ""low_fat_dairy"", ""other_dairy""]}"
D3_category_subgroup_mismatch,HIGH,off_2e8356b510,Dátiles con hueso,"{""category"": ""fruits"", ""subgroup"": ""nuts_seeds"", ""allowed_sample"": [""fruit"", ""frutos_bosque"", ""tropical""]}"
D3_category_subgroup_mismatch,HIGH,off_fdf015dff0,Dátiles deshidratados sin hueso,"{""category"": ""fruits"", ""subgroup"": ""nuts_seeds"", ""allowed_sample"": [""fruit"", ""frutos_bosque"", ""tropical""]}"
D3_category_subgroup_mismatch,HIGH,off_bd5b7779aa,Bebida de soja con extracto de café,"{""category"": ""carbs"", ""subgroup"": ""other_dairy"", ""allowed_sample"": [""fruit"", ""frutos_bosque"", ""grains"", ""legumes"", ""other_carbs""]}"
D3_category_subgroup_mismatch,HIGH,off_1dd22a7565,Bebida de Soja UHT,"{""category"": ""carbs"", ""subgroup"": ""other_dairy"", ""allowed_sample"": [""fruit"", ""frutos_bosque"", ""grains"", ""legumes"", ""other_carbs""]}"
D3_category_subgroup_mismatch,HIGH,off_a539f57588,Salsa fresca trufa,"{""category"": ""other"", ""subgroup"": ""other_dairy"", ""allowed_sample"": [""other""]}"
D3_category_subgroup_mismatch,HIGH,off_900d7cbdf1,Salsa Bolognese,"{""category"": ""other"", ""subgroup"": ""other_dairy"", ""allowed_sample"": [""other""]}"
D3_category_subgroup_mismatch,HIGH,off_6a5797edc1,Salsa fresca-Carbonara,"{""category"": ""other"", ""subgroup"": ""other_dairy"", ""allowed_sample"": [""other""]}"
D3_category_subgroup_mismatch,HIGH,off_20040e386e,Kéfir sabor mango,"{""category"": ""dairy"", ""subgroup"": ""fruit"", ""allowed_sample"": [""aged_cheese"", ""fresh_cheese"", ""high_protein_dairy"", ""low_fat_dairy"", ""other_dairy""]}"
D3_category_subgroup_mismatch,HIGH,off_5e11fa74db,Leche y fruta (sin grasas),"{""category"": ""dairy"", ""subgroup"": ""fruit"", ""allowed_sample"": [""aged_cheese"", ""fresh_cheese"", ""high_protein_dairy"", ""low_fat_dairy"", ""other_dairy""]}"
D3_category_subgroup_mismatch,HIGH,off_806ef7629f,Fruta+Leche Naranja Mango,"{""category"": ""dairy"", ""subgroup"": ""fruit"", ""allowed_sample"": [""aged_cheese"", ""fresh_cheese"", ""high_protein_dairy"", ""low_fat_dairy"", ""other_dairy""]}"
D3_category_subgroup_mismatch,HIGH,off_87e71ae67f,Manzana Pera,"{""category"": ""fruits"", ""subgroup"": ""nuts_seeds"", ""allowed_sample"": [""fruit"", ""frutos_bosque"", ""tropical""]}"
D3_category_subgroup_mismatch,HIGH,off_f451d6f5d6,Zumo Fruta & Leche TROPICAL,"{""category"": ""dairy"", ""subgroup"": ""fruit"", ""allowed_sample"": [""aged_cheese"", ""fresh_cheese"", ""high_protein_dairy"", ""low_fat_dairy"", ""other_dairy""]}"
D3_category_subgroup_mismatch,HIGH,off_36593544a2,Velouté Puerro & Patatas,"{""category"": ""vegetables"", ""subgroup"": ""allium"", ""allowed_sample"": [""fruiting_veg"", ""other_veg"", ""vegetables""]}"
D3_category_subgroup_mismatch,HIGH,off_3b0b9dd285,Velouté con Puerros & patatas,"{""category"": ""vegetables"", ""subgroup"": ""allium"", ""allowed_sample"": [""fruiting_veg"", ""other_veg"", ""vegetables""]}"
D3_category_subgroup_mismatch,HIGH,off_2a0e3e0948,Zumo de frutas tropical + Leche,"{""category"": ""dairy"", ""subgroup"": ""fruit"", ""allowed_sample"": [""aged_cheese"", ""fresh_cheese"", ""high_protein_dairy"", ""low_fat_dairy"", ""other_dairy""]}"
D3_category_subgroup_mismatch,HIGH,off_173ddcb279,Velouté Puerros y patatas,"{""category"": ""vegetables"", ""subgroup"": ""allium"", ""allowed_sample"": [""fruiting_veg"", ""other_veg"", ""vegetables""]}"
D3_category_subgroup_mismatch,HIGH,off_32aca2e344,Bebida de soja - DESCATALOGADO,"{""category"": ""carbs"", ""subgroup"": ""other_dairy"", ""allowed_sample"": [""fruit"", ""frutos_bosque"", ""grains"", ""legumes"", ""other_carbs""]}"
D3_category_subgroup_mismatch,HIGH,off_e181a9c298,Fruta leche mediterraneo,"{""category"": ""dairy"", ""subgroup"": ""fruit"", ""allowed_sample"": [""aged_cheese"", ""fresh_cheese"", ""high_protein_dairy"", ""low_fat_dairy"", ""other_dairy""]}"
D3_category_subgroup_mismatch,HIGH,off_8a9b4adc5d,Fruta y leche mediterráneo kids,"{""category"": ""dairy"", ""subgroup"": ""fruit"", ""allowed_sample"": [""aged_cheese"", ""fresh_cheese"", ""high_protein_dairy"", ""low_fat_dairy"", ""other_dairy""]}"
D3_category_subgroup_mismatch,HIGH,off_d5446fd1ad,"Manzana, pera, fresa, grosella","{""category"": ""fruits"", ""subgroup"": ""nuts_seeds"", ""allowed_sample"": [""fruit"", ""frutos_bosque"", ""tropical""]}"
D3_category_subgroup_mismatch,HIGH,off_6fe811cb9a,Bebida de leche y frutas mediterráneo,"{""category"": ""dairy"", ""subgroup"": ""fruit"", ""allowed_sample"": [""aged_cheese"", ""fresh_cheese"", ""high_protein_dairy"", ""low_fat_dairy"", ""other_dairy""]}"
D3_category_subgroup_mismatch,HIGH,off_a496867f3e,Fruta + leche melocoton albaricoque,"{""category"": ""dairy"", ""subgroup"": ""fruit"", ""allowed_sample"": [""aged_cheese"", ""fresh_cheese"", ""high_protein_dairy"", ""low_fat_dairy"", ""other_dairy""]}"
D3_category_subgroup_mismatch,HIGH,off_cb2365b03b,Fruta + leche tropical,"{""category"": ""dairy"", ""subgroup"": ""fruit"", ""allowed_sample"": [""aged_cheese"", ""fresh_cheese"", ""high_protein_dairy"", ""low_fat_dairy"", ""other_dairy""]}"
D3_category_subgroup_mismatch,HIGH,off_ba97a007dd,Tropical fruta + leche,"{""category"": ""dairy"", ""subgroup"": ""fruit"", ""allowed_sample"": [""aged_cheese"", ""fresh_cheese"", ""high_protein_dairy"", ""low_fat_dairy"", ""other_dairy""]}"
D3_category_subgroup_mismatch,HIGH,off_ab38a0dab7,Manzana kiwi,"{""category"": ""fruits"", ""subgroup"": ""nuts_seeds"", ""allowed_sample"": [""fruit"", ""frutos_bosque"", ""tropical""]}"
D3_category_subgroup_mismatch,HIGH,off_a4d78655a8,Dátiles medjoul,"{""category"": ""fruits"", ""subgroup"": ""nuts_seeds"", ""allowed_sample"": [""fruit"", ""frutos_bosque"", ""tropical""]}"
D3_category_subgroup_mismatch,HIGH,off_1d7050fc49,Edulcorante en comprimidos,"{""category"": ""other"", ""subgroup"": ""other_carbs"", ""allowed_sample"": [""other""]}"
D3_category_subgroup_mismatch,HIGH,off_9709fddad6,SOJA Para cocinar líquida,"{""category"": ""carbs"", ""subgroup"": ""other_dairy"", ""allowed_sample"": [""fruit"", ""frutos_bosque"", ""grains"", ""legumes"", ""other_carbs""]}"
D3_category_subgroup_mismatch,HIGH,off_c751eb5147,Edulcorante de aspartamo y acesulfamo potásico,"{""category"": ""other"", ""subgroup"": ""other_carbs"", ""allowed_sample"": [""other""]}"
D3_category_subgroup_mismatch,HIGH,off_a4703ee325,Edulcorante de mesa con extractos de Stevia*,"{""category"": ""other"", ""subgroup"": ""other_carbs"", ""allowed_sample"": [""other""]}"
D3_category_subgroup_mismatch,HIGH,off_58286bbd3d,Arándanos deshidratados,"{""category"": ""fruits"", ""subgroup"": ""nuts_seeds"", ""allowed_sample"": [""fruit"", ""frutos_bosque"", ""tropical""]}"
D3_category_subgroup_mismatch,HIGH,off_9550a68cd8,Arándanos desecados,"{""category"": ""fruits"", ""subgroup"": ""nuts_seeds"", ""allowed_sample"": [""fruit"", ""frutos_bosque"", ""tropical""]}"
D3_category_subgroup_mismatch,HIGH,off_f41946bbbc,Ensalada queso de cabra,"{""category"": ""dairy"", ""subgroup"": ""cheese"", ""allowed_sample"": [""aged_cheese"", ""fresh_cheese"", ""high_protein_dairy"", ""low_fat_dairy"", ""other_dairy""]}"
D3_category_subgroup_mismatch,HIGH,off_2cc633fd28,Dátil deshuesado,"{""category"": ""fruits"", ""subgroup"": ""nuts_seeds"", ""allowed_sample"": [""fruit"", ""frutos_bosque"", ""tropical""]}"
D3_category_subgroup_mismatch,HIGH,off_9943db0b2a,Reducción bálsamica de vinagre Pedro Ximénez,"{""category"": ""other"", ""subgroup"": ""other_carbs"", ""allowed_sample"": [""other""]}"
D3_category_subgroup_mismatch,HIGH,off_17f0282454,Pasas sultanas,"{""category"": ""fruits"", ""subgroup"": ""nuts_seeds"", ""allowed_sample"": [""fruit"", ""frutos_bosque"", ""tropical""]}"
D3_category_subgroup_mismatch,HIGH,off_ae11a016ea,Yogurt de soja,"{""category"": ""carbs"", ""subgroup"": ""basic_dairy"", ""allowed_sample"": [""fruit"", ""frutos_bosque"", ""grains"", ""legumes"", ""other_carbs""]}"
D3_category_subgroup_mismatch,HIGH,off_53c580cc99,Yogurt natural de soja,"{""category"": ""carbs"", ""subgroup"": ""basic_dairy"", ""allowed_sample"": [""fruit"", ""frutos_bosque"", ""grains"", ""legumes"", ""other_carbs""]}"
D3_category_subgroup_mismatch,HIGH,off_0f844a0c32,Polpa di pomodoro all’arrabiata,"{""category"": ""other"", ""subgroup"": ""vegetables"", ""allowed_sample"": [""other""]}"
D3_category_subgroup_mismatch,HIGH,off_1d4128d916,Cebolla troceada,"{""category"": ""vegetables"", ""subgroup"": ""allium"", ""allowed_sample"": [""fruiting_veg"", ""other_veg"", ""vegetables""]}"
D3_category_subgroup_mismatch,HIGH,off_57694a100a,Corazones de alcachofas cortados,"{""category"": ""vegetables"", ""subgroup"": ""stalk_veg"", ""allowed_sample"": [""fruiting_veg"", ""other_veg"", ""vegetables""]}"
D3_category_subgroup_mismatch,HIGH,off_86a92ae742,Queso en polvo especial pasta,"{""category"": ""dairy"", ""subgroup"": ""cheese"", ""allowed_sample"": [""aged_cheese"", ""fresh_cheese"", ""high_protein_dairy"", ""low_fat_dairy"", ""other_dairy""]}"
D3_category_subgroup_mismatch,HIGH,off_e9e8215274,Gazpacho pack 3 unidades,"{""category"": ""other"", ""subgroup"": ""vegetables"", ""allowed_sample"": [""other""]}"
D3_category_subgroup_mismatch,HIGH,off_b108599cb9,Espinacas en hoja porción,"{""category"": ""vegetables"", ""subgroup"": ""leafy"", ""allowed_sample"": [""fruiting_veg"", ""other_veg"", ""vegetables""]}"
D3_category_subgroup_mismatch,HIGH,off_5833bb5c8c,Remolacha en rodajas,"{""category"": ""vegetables"", ""subgroup"": ""root_veg"", ""allowed_sample"": [""fruiting_veg"", ""other_veg"", ""vegetables""]}"
D3_category_subgroup_mismatch,HIGH,off_5720e38db4,"Smoothie pêche,carottes,pomme,ananas,potiron","{""category"": ""other"", ""subgroup"": ""fruit"", ""allowed_sample"": [""other""]}"
D3_category_subgroup_mismatch,HIGH,off_19fb058b60,Zumo tropical,"{""category"": ""other"", ""subgroup"": ""fruit"", ""allowed_sample"": [""other""]}"
D3_category_subgroup_mismatch,HIGH,off_49812bbb6f,Queso especial pasta,"{""category"": ""dairy"", ""subgroup"": ""cheese"", ""allowed_sample"": [""aged_cheese"", ""fresh_cheese"", ""high_protein_dairy"", ""low_fat_dairy"", ""other_dairy""]}"
D3_category_subgroup_mismatch,HIGH,off_bebc10ea44,100% zumo natural 4 cítricos,"{""category"": ""other"", ""subgroup"": ""fruit"", ""allowed_sample"": [""other""]}"
D3_category_subgroup_mismatch,HIGH,off_4779604f85,Espinaca Hoja en Porciones,"{""category"": ""vegetables"", ""subgroup"": ""leafy"", ""allowed_sample"": [""fruiting_veg"", ""other_veg"", ""vegetables""]}"
D3_category_subgroup_mismatch,HIGH,off_a01fbb7d6f,Trío de Floretes,"{""category"": ""vegetables"", ""subgroup"": ""cruciferous"", ""allowed_sample"": [""fruiting_veg"", ""other_veg"", ""vegetables""]}"
D3_category_subgroup_mismatch,HIGH,off_04af6d775f,Jus de Pomme à base de concentré,"{""category"": ""other"", ""subgroup"": ""fruit"", ""allowed_sample"": [""other""]}"
D3_category_subgroup_mismatch,HIGH,off_10c1e76e19,Gazpacho suave,"{""category"": ""other"", ""subgroup"": ""vegetables"", ""allowed_sample"": [""other""]}"
D3_category_subgroup_mismatch,HIGH,off_26a50c4ab1,Alcachofa troceada,"{""category"": ""vegetables"", ""subgroup"": ""stalk_veg"", ""allowed_sample"": [""fruiting_veg"", ""other_veg"", ""vegetables""]}"
D3_category_subgroup_mismatch,HIGH,off_cc1f1c1cbd,Corazones de alcachofa congelados,"{""category"": ""vegetables"", ""subgroup"": ""stalk_veg"", ""allowed_sample"": [""fruiting_veg"", ""other_veg"", ""vegetables""]}"
D3_category_subgroup_mismatch,HIGH,off_74d0696bd0,Batido con yogur y avena,"{""category"": ""dairy"", ""subgroup"": ""basic_dairy"", ""allowed_sample"": [""aged_cheese"", ""fresh_cheese"", ""high_protein_dairy"", ""low_fat_dairy"", ""other_dairy""]}"
D3_category_subgroup_mismatch,HIGH,off_18f7349d07,Yogurth de soja y melocotón,"{""category"": ""carbs"", ""subgroup"": ""other_dairy"", ""allowed_sample"": [""fruit"", ""frutos_bosque"", ""grains"", ""legumes"", ""other_carbs""]}"
D3_category_subgroup_mismatch,HIGH,off_55cd5ec65e,"Mezcla de brotes de judía, bambú, col, castañas y zanahoria","{""category"": ""vegetables"", ""subgroup"": ""root_veg"", ""allowed_sample"": [""fruiting_veg"", ""other_veg"", ""vegetables""]}"
D3_category_subgroup_mismatch,HIGH,off_69a32aa4e7,Bebida de Soja Vainilla,"{""category"": ""carbs"", ""subgroup"": ""other_dairy"", ""allowed_sample"": [""fruit"", ""frutos_bosque"", ""grains"", ""legumes"", ""other_carbs""]}"
D3_category_subgroup_mismatch,HIGH,off_42ee44f5ea,SOJA à la VANILLE,"{""category"": ""carbs"", ""subgroup"": ""other_dairy"", ""allowed_sample"": [""fruit"", ""frutos_bosque"", ""grains"", ""legumes"", ""other_carbs""]}"
D3_category_subgroup_mismatch,HIGH,off_adf029a9ee,Bebida de soja con calcio,"{""category"": ""carbs"", ""subgroup"": ""other_dairy"", ""allowed_sample"": [""fruit"", ""frutos_bosque"", ""grains"", ""legumes"", ""other_carbs""]}"
D3_category_subgroup_mismatch,HIGH,off_9fe6f62d80,Bebida de soja sabor vainilla,"{""category"": ""carbs"", ""subgroup"": ""other_dairy"", ""allowed_sample"": [""fruit"", ""frutos_bosque"", ""grains"", ""legumes"", ""other_carbs""]}"
D3_category_subgroup_mismatch,HIGH,off_e86b288236,Salsa de quesos,"{""category"": ""other"", ""subgroup"": ""other_dairy"", ""allowed_sample"": [""other""]}"
D3_category_subgroup_mismatch,HIGH,off_4264d7c1ec,Aderezo de mango y albahaca,"{""category"": ""other"", ""subgroup"": ""fruit"", ""allowed_sample"": [""other""]}"
D3_category_subgroup_mismatch,HIGH,off_7068521f28,Bebida de zumo de frutas y zanahoria,"{""category"": ""vegetables"", ""subgroup"": ""root_veg"", ""allowed_sample"": [""fruiting_veg"", ""other_veg"", ""vegetables""]}"
D3_category_subgroup_mismatch,HIGH,off_781e80b3f4,Salsa de mango para dipear,"{""category"": ""other"", ""subgroup"": ""fruit"", ""allowed_sample"": [""other""]}"
D3_category_subgroup_mismatch,HIGH,off_c22f37304b,Bebida de soja con cacao - DESCATALOGADO,"{""category"": ""carbs"", ""subgroup"": ""other_dairy"", ""allowed_sample"": [""fruit"", ""frutos_bosque"", ""grains"", ""legumes"", ""other_carbs""]}"
D3_category_subgroup_mismatch,HIGH,off_099a2522b4,Bebida soja calcio,"{""category"": ""carbs"", ""subgroup"": ""other_dairy"", ""allowed_sample"": [""fruit"", ""frutos_bosque"", ""grains"", ""legumes"", ""other_carbs""]}"
D3_category_subgroup_mismatch,HIGH,off_0a5c592bab,Bebida de soja - Pack de 3,"{""category"": ""carbs"", ""subgroup"": ""other_dairy"", ""allowed_sample"": [""fruit"", ""frutos_bosque"", ""grains"", ""legumes"", ""other_carbs""]}"
D3_category_subgroup_mismatch,HIGH,off_a5ebb00a68,Bebida de soja calcio,"{""category"": ""carbs"", ""subgroup"": ""other_dairy"", ""allowed_sample"": [""fruit"", ""frutos_bosque"", ""grains"", ""legumes"", ""other_carbs""]}"
D3_category_subgroup_mismatch,HIGH,off_1a134b6954,Soja Para cocinar,"{""category"": ""carbs"", ""subgroup"": ""other_dairy"", ""allowed_sample"": [""fruit"", ""frutos_bosque"", ""grains"", ""legumes"", ""other_carbs""]}"
D3_category_subgroup_mismatch,HIGH,off_e7c2314bb3,Albóndigas en salsa,"{""category"": ""other"", ""subgroup"": ""other_dairy"", ""allowed_sample"": [""other""]}"
D3_category_subgroup_mismatch,HIGH,off_dbeed30b33,Tortelloni tomate y mozzarella,"{""category"": ""carbs"", ""subgroup"": ""other_dairy"", ""allowed_sample"": [""fruit"", ""frutos_bosque"", ""grains"", ""legumes"", ""other_carbs""]}"
D3_category_subgroup_mismatch,HIGH,off_1bec267e34,Queso para Ensalada,"{""category"": ""dairy"", ""subgroup"": ""cheese"", ""allowed_sample"": [""aged_cheese"", ""fresh_cheese"", ""high_protein_dairy"", ""low_fat_dairy"", ""other_dairy""]}"
D3_category_subgroup_mismatch,HIGH,off_d5e77146f6,Trozos de potón en salsa americana,"{""category"": ""other"", ""subgroup"": ""other_dairy"", ""allowed_sample"": [""other""]}"
D3_category_subgroup_mismatch,HIGH,off_f905bf04bc,Zamburiñas en salsa de vieira,"{""category"": ""other"", ""subgroup"": ""other_dairy"", ""allowed_sample"": [""other""]}"
D3_category_subgroup_mismatch,HIGH,off_dc989e9582,Postre Soja Natural,"{""category"": ""carbs"", ""subgroup"": ""other_dairy"", ""allowed_sample"": [""fruit"", ""frutos_bosque"", ""grains"", ""legumes"", ""other_carbs""]}"
D3_category_subgroup_mismatch,HIGH,off_2b97e12d9a,Postre de soja natural,"{""category"": ""carbs"", ""subgroup"": ""other_dairy"", ""allowed_sample"": [""fruit"", ""frutos_bosque"", ""grains"", ""legumes"", ""other_carbs""]}"
D3_category_subgroup_mismatch,HIGH,off_3e3ef6dfd8,Biactive con soja natural,"{""category"": ""carbs"", ""subgroup"": ""other_dairy"", ""allowed_sample"": [""fruit"", ""frutos_bosque"", ""grains"", ""legumes"", ""other_carbs""]}"
D3_category_subgroup_mismatch,HIGH,off_7f3e7dd088,Bebida soja classic,"{""category"": ""carbs"", ""subgroup"": ""other_dairy"", ""allowed_sample"": [""fruit"", ""frutos_bosque"", ""grains"", ""legumes"", ""other_carbs""]}"
D3_category_subgroup_mismatch,HIGH,off_41213b2009,Salsa Bolognesa,"{""category"": ""other"", ""subgroup"": ""other_dairy"", ""allowed_sample"": [""other""]}"
D3_category_subgroup_mismatch,HIGH,off_6c03fb39cd,Bifidus con melocotón,"{""category"": ""carbs"", ""subgroup"": ""other_dairy"", ""allowed_sample"": [""fruit"", ""frutos_bosque"", ""grains"", ""legumes"", ""other_carbs""]}"
D3_category_subgroup_mismatch,HIGH,off_ca29344e82,Soja Bio,"{""category"": ""carbs"", ""subgroup"": ""other_dairy"", ""allowed_sample"": [""fruit"", ""frutos_bosque"", ""grains"", ""legumes"", ""other_carbs""]}"
D3_category_subgroup_mismatch,HIGH,off_200a309664,Salsa de mostaza ecológica &quot;Carrefour Bio&quot; A la antigua,"{""category"": ""other"", ""subgroup"": ""other_dairy"", ""allowed_sample"": [""other""]}"
D3_category_subgroup_mismatch,HIGH,off_74175ddb4d,SOJA Nature,"{""category"": ""carbs"", ""subgroup"": ""other_dairy"", ""allowed_sample"": [""fruit"", ""frutos_bosque"", ""grains"", ""legumes"", ""other_carbs""]}"
D3_category_subgroup_mismatch,HIGH,off_b602ea0616,Bebida soja enriquecida calcio,"{""category"": ""carbs"", ""subgroup"": ""other_dairy"", ""allowed_sample"": [""fruit"", ""frutos_bosque"", ""grains"", ""legumes"", ""other_carbs""]}"
D3_category_subgroup_mismatch,HIGH,off_b8b652763c,Salsa de mostaza &quot;Carrefour&quot;,"{""category"": ""other"", ""subgroup"": ""other_dairy"", ""allowed_sample"": [""other""]}"
D3_category_subgroup_mismatch,HIGH,off_6bb6083994,Salsa de mostaza,"{""category"": ""other"", ""subgroup"": ""other_dairy"", ""allowed_sample"": [""other""]}"
D3_category_subgroup_mismatch,HIGH,off_6ed7f829c5,Salsa fresca queso,"{""category"": ""dairy"", ""subgroup"": ""cheese"", ""allowed_sample"": [""aged_cheese"", ""fresh_cheese"", ""high_protein_dairy"", ""low_fat_dairy"", ""other_dairy""]}"
D3_category_subgroup_mismatch,HIGH,off_35ff35fe05,Mostaza a la antigua,"{""category"": ""other"", ""subgroup"": ""other_dairy"", ""allowed_sample"": [""other""]}"
D3_category_subgroup_mismatch,HIGH,off_b3f6cb0a2a,Mostaza de dijon,"{""category"": ""other"", ""subgroup"": ""other_dairy"", ""allowed_sample"": [""other""]}"
D3_category_subgroup_mismatch,HIGH,off_d4363a5de6,Albóndigas con salsa de tomate,"{""category"": ""carbs"", ""subgroup"": ""other_dairy"", ""allowed_sample"": [""fruit"", ""frutos_bosque"", ""grains"", ""legumes"", ""other_carbs""]}"
D3_category_subgroup_mismatch,HIGH,off_4342a4b78c,Tomates secos con aceite,"{""category"": ""fat"", ""subgroup"": ""other_dairy"", ""allowed_sample"": [""avocado"", ""butter_margarine"", ""nuts_seeds"", ""olive_oil"", ""other_fat""]}"
D3_category_subgroup_mismatch,HIGH,off_fc2dfc1fcf,Salsa Quesos,"{""category"": ""other"", ""subgroup"": ""other_dairy"", ""allowed_sample"": [""other""]}"
D3_category_subgroup_mismatch,HIGH,off_a4d230f987,Soja,"{""category"": ""carbs"", ""subgroup"": ""other_dairy"", ""allowed_sample"": [""fruit"", ""frutos_bosque"", ""grains"", ""legumes"", ""other_carbs""]}"
D3_category_subgroup_mismatch,HIGH,off_ec132ca176,Mejillones en salsa marinera con tomate 14-18,"{""category"": ""carbs"", ""subgroup"": ""other_dairy"", ""allowed_sample"": [""fruit"", ""frutos_bosque"", ""grains"", ""legumes"", ""other_carbs""]}"
D3_category_subgroup_mismatch,HIGH,off_fc294edbb1,Guisantes muy tiernos ultracongelados,"{""category"": ""other"", ""subgroup"": ""vegetables"", ""allowed_sample"": [""other""]}"
D3_category_subgroup_mismatch,HIGH,off_0c129517f1,Ganxet,"{""category"": ""other"", ""subgroup"": ""vegetables"", ""allowed_sample"": [""other""]}"
D3_category_subgroup_mismatch,HIGH,off_5580107290,Menestra,"{""category"": ""other"", ""subgroup"": ""vegetables"", ""allowed_sample"": [""other""]}"
D3_category_subgroup_mismatch,HIGH,off_1f1048ef8a,Gaspacho suave,"{""category"": ""other"", ""subgroup"": ""vegetables"", ""allowed_sample"": [""other""]}"
D3_category_subgroup_mismatch,HIGH,off_df1620dd2b,Salmorejo fresco,"{""category"": ""other"", ""subgroup"": ""vegetables"", ""allowed_sample"": [""other""]}"
D3_category_subgroup_mismatch,HIGH,off_2c9c185117,Salmorejo Tradicional,"{""category"": ""other"", ""subgroup"": ""vegetables"", ""allowed_sample"": [""other""]}"
D3_category_subgroup_mismatch,HIGH,off_31e8fef4c5,Habas finas,"{""category"": ""other"", ""subgroup"": ""vegetables"", ""allowed_sample"": [""other""]}"
D3_category_subgroup_mismatch,HIGH,off_190be70e10,Albahaca y orégano,"{""category"": ""other"", ""subgroup"": ""vegetables"", ""allowed_sample"": [""other""]}"
D3_category_subgroup_mismatch,HIGH,off_f1574c12b6,Aceitunas rellenas de pimiento,"{""category"": ""carbs"", ""subgroup"": ""vegetables"", ""allowed_sample"": [""fruit"", ""frutos_bosque"", ""grains"", ""legumes"", ""other_carbs""]}"
D3_category_subgroup_mismatch,HIGH,off_00bead7605,guisantes extrafinos,"{""category"": ""other"", ""subgroup"": ""vegetables"", ""allowed_sample"": [""other""]}"
D3_category_subgroup_mismatch,HIGH,off_6a7a57f4e2,Col lombarda,"{""category"": ""vegetables"", ""subgroup"": ""cruciferous"", ""allowed_sample"": [""fruiting_veg"", ""other_veg"", ""vegetables""]}"
D3_category_subgroup_mismatch,HIGH,off_78bafbc235,Ensalada primavera,"{""category"": ""other"", ""subgroup"": ""vegetables"", ""allowed_sample"": [""other""]}"
D3_category_subgroup_mismatch,HIGH,off_ded2017304,Tumaca ajo,"{""category"": ""vegetables"", ""subgroup"": ""allium"", ""allowed_sample"": [""fruiting_veg"", ""other_veg"", ""vegetables""]}"
D3_category_subgroup_mismatch,HIGH,off_61b09ba2b8,Concombres,"{""category"": ""other"", ""subgroup"": ""vegetables"", ""allowed_sample"": [""other""]}"
D3_category_subgroup_mismatch,HIGH,off_dfab79280a,Ensalada de wakame,"{""category"": ""other"", ""subgroup"": ""vegetables"", ""allowed_sample"": [""other""]}"
D3_category_subgroup_mismatch,HIGH,off_936546aeb6,Corazones de alcachofa,"{""category"": ""other"", ""subgroup"": ""vegetables"", ""allowed_sample"": [""other""]}"
D3_category_subgroup_mismatch,HIGH,off_90df7c71f5,Gazpacho fresco,"{""category"": ""other"", ""subgroup"": ""vegetables"", ""allowed_sample"": [""other""]}"
D3_category_subgroup_mismatch,HIGH,off_d1e1bee2a0,Maíz,"{""category"": ""carbs"", ""subgroup"": ""vegetables"", ""allowed_sample"": [""fruit"", ""frutos_bosque"", ""grains"", ""legumes"", ""other_carbs""]}"
D3_category_subgroup_mismatch,HIGH,off_a6c8d5b054,Fritada pisto,"{""category"": ""other"", ""subgroup"": ""vegetables"", ""allowed_sample"": [""other""]}"
D3_category_subgroup_mismatch,HIGH,off_cbdd87be3c,Guisantes finos,"{""category"": ""other"", ""subgroup"": ""vegetables"", ""allowed_sample"": [""other""]}"
D3_category_subgroup_mismatch,HIGH,off_3c0a5eee05,Guisantes extrafinos al natural,"{""category"": ""other"", ""subgroup"": ""vegetables"", ""allowed_sample"": [""other""]}"
D3_category_subgroup_mismatch,HIGH,off_d7e98b4793,Fritada,"{""category"": ""other"", ""subgroup"": ""vegetables"", ""allowed_sample"": [""other""]}"
D3_category_subgroup_mismatch,HIGH,off_ea099837a5,Habas baby,"{""category"": ""other"", ""subgroup"": ""vegetables"", ""allowed_sample"": [""other""]}"
D3_category_subgroup_mismatch,HIGH,off_9b9f9a4765,Habitas muy tiernas,"{""category"": ""other"", ""subgroup"": ""vegetables"", ""allowed_sample"": [""other""]}"
D3_category_subgroup_mismatch,HIGH,off_8ffa04d298,Habas babys ultracongeladod,"{""category"": ""other"", ""subgroup"": ""vegetables"", ""allowed_sample"": [""other""]}"
D3_category_subgroup_mismatch,HIGH,off_815e4acc14,Maíz dulce ecológico,"{""category"": ""carbs"", ""subgroup"": ""vegetables"", ""allowed_sample"": [""fruit"", ""frutos_bosque"", ""grains"", ""legumes"", ""other_carbs""]}"
D3_category_subgroup_mismatch,HIGH,off_dfb1a0937f,Verdura para paella,"{""category"": ""other"", ""subgroup"": ""vegetables"", ""allowed_sample"": [""other""]}"
D3_category_subgroup_mismatch,HIGH,off_1cf02fecee,Salteado campestre,"{""category"": ""other"", ""subgroup"": ""vegetables"", ""allowed_sample"": [""other""]}"
D3_category_subgroup_mismatch,HIGH,off_424f6a31fc,"Salteado a la Vasca Tomates, pimientos, cebollas y aceitunas verdes.","{""category"": ""other"", ""subgroup"": ""vegetables"", ""allowed_sample"": [""other""]}"
D3_category_subgroup_mismatch,HIGH,off_ea8b3db6b4,Salteado estilo oriental,"{""category"": ""other"", ""subgroup"": ""vegetables"", ""allowed_sample"": [""other""]}"
D3_category_subgroup_mismatch,HIGH,off_67461bcb55,Escalivada,"{""category"": ""other"", ""subgroup"": ""vegetables"", ""allowed_sample"": [""other""]}"
D3_category_subgroup_mismatch,HIGH,off_12888c5772,Alcachofas,"{""category"": ""other"", ""subgroup"": ""vegetables"", ""allowed_sample"": [""other""]}"
D3_category_subgroup_mismatch,HIGH,off_9d6bd8da79,Alcachofas baby,"{""category"": ""vegetables"", ""subgroup"": ""stalk_veg"", ""allowed_sample"": [""fruiting_veg"", ""other_veg"", ""vegetables""]}"
D3_category_subgroup_mismatch,HIGH,off_29449d1f60,Ensaladilla rusa con atún,"{""category"": ""protein"", ""subgroup"": ""fish"", ""allowed_sample"": [""eggs"", ""fish_fatty"", ""fish_white"", ""meat"", ""meat_fatty""]}"
D3_category_subgroup_mismatch,HIGH,off_d13b5269b0,Atún claro oliva,"{""category"": ""fat"", ""subgroup"": ""fish"", ""allowed_sample"": [""avocado"", ""butter_margarine"", ""nuts_seeds"", ""olive_oil"", ""other_fat""]}"
D3_category_subgroup_mismatch,HIGH,off_f66bfecdcd,Cardo troceado,"{""category"": ""vegetables"", ""subgroup"": ""stalk_veg"", ""allowed_sample"": [""fruiting_veg"", ""other_veg"", ""vegetables""]}"
D3_category_subgroup_mismatch,HIGH,off_d482c3133a,Tropical consum,"{""category"": ""other"", ""subgroup"": ""fruit"", ""allowed_sample"": [""other""]}"
D3_category_subgroup_mismatch,HIGH,off_e136249b45,Gazpacho fresco selectia,"{""category"": ""other"", ""subgroup"": ""vegetables"", ""allowed_sample"": [""other""]}"
D3_category_subgroup_mismatch,HIGH,off_d559197d94,Gazpacho tradicional,"{""category"": ""other"", ""subgroup"": ""vegetables"", ""allowed_sample"": [""other""]}"
D3_category_subgroup_mismatch,HIGH,off_53caa3ab9e,Jus d’Orange,"{""category"": ""other"", ""subgroup"": ""fruit"", ""allowed_sample"": [""other""]}"
D3_category_subgroup_mismatch,HIGH,off_84dc056359,Brócoli en floretes,"{""category"": ""vegetables"", ""subgroup"": ""cruciferous"", ""allowed_sample"": [""fruiting_veg"", ""other_veg"", ""vegetables""]}"
D3_category_subgroup_mismatch,HIGH,off_cafeefaec0,Matin Douceur 100% Pur Jus Multifruits,"{""category"": ""other"", ""subgroup"": ""fruit"", ""allowed_sample"": [""other""]}"
D3_category_subgroup_mismatch,HIGH,off_d84450f81e,Brocoli,"{""category"": ""vegetables"", ""subgroup"": ""cruciferous"", ""allowed_sample"": [""fruiting_veg"", ""other_veg"", ""vegetables""]}"
D3_category_subgroup_mismatch,HIGH,off_fa7388e141,"Caballa del sur en filetes, en tomate","{""category"": ""carbs"", ""subgroup"": ""fish"", ""allowed_sample"": [""fruit"", ""frutos_bosque"", ""grains"", ""legumes"", ""other_carbs""]}"
D3_category_subgroup_mismatch,HIGH,off_357bfb08b8,Caballa del sur en tomate,"{""category"": ""carbs"", ""subgroup"": ""fish"", ""allowed_sample"": [""fruit"", ""frutos_bosque"", ""grains"", ""legumes"", ""other_carbs""]}"
D3_category_subgroup_mismatch,HIGH,off_1fa3cd0c87,Filetes de caballa del sur en tomate,"{""category"": ""carbs"", ""subgroup"": ""fish"", ""allowed_sample"": [""fruit"", ""frutos_bosque"", ""grains"", ""legumes"", ""other_carbs""]}"
D3_category_subgroup_mismatch,HIGH,off_99e8563c8a,Guisantes muy finos y zanahorias ecológicos,"{""category"": ""vegetables"", ""subgroup"": ""root_veg"", ""allowed_sample"": [""fruiting_veg"", ""other_veg"", ""vegetables""]}"
D3_category_subgroup_mismatch,HIGH,off_29ddf07474,broclli,"{""category"": ""other"", ""subgroup"": ""vegetables"", ""allowed_sample"": [""other""]}"
D3_category_subgroup_mismatch,HIGH,off_cdd2f77d40,Arrabiata tomato sauce,"{""category"": ""other"", ""subgroup"": ""vegetables"", ""allowed_sample"": [""other""]}"
D3_category_subgroup_mismatch,HIGH,off_93898ded13,Perejil,"{""category"": ""other"", ""subgroup"": ""vegetables"", ""allowed_sample"": [""other""]}"
D3_category_subgroup_mismatch,HIGH,off_0a7c76233e,Dragon Fruit Zumo Exótico,"{""category"": ""other"", ""subgroup"": ""fruit"", ""allowed_sample"": [""other""]}"
D3_category_subgroup_mismatch,HIGH,off_5b6335bf78,Smoothie Dragon Fruit,"{""category"": ""other"", ""subgroup"": ""fruit"", ""allowed_sample"": [""other""]}"
D3_category_subgroup_mismatch,HIGH,off_507e06b4be,Surtido de encurtidos Dia,"{""category"": ""other"", ""subgroup"": ""vegetables"", ""allowed_sample"": [""other""]}"
D3_category_subgroup_mismatch,HIGH,off_6253f08dc4,Banderillas picantes,"{""category"": ""other"", ""subgroup"": ""vegetables"", ""allowed_sample"": [""other""]}"
D3_category_subgroup_mismatch,HIGH,off_04c157a577,Corazones de alcachofa de Tudela,"{""category"": ""vegetables"", ""subgroup"": ""stalk_veg"", ""allowed_sample"": [""fruiting_veg"", ""other_veg"", ""vegetables""]}"
D3_category_subgroup_mismatch,HIGH,off_b174d070ae,Puré de Zanahoria Nata fresca,"{""category"": ""vegetables"", ""subgroup"": ""root_veg"", ""allowed_sample"": [""fruiting_veg"", ""other_veg"", ""vegetables""]}"
D3_category_subgroup_mismatch,HIGH,off_3aeed32c29,Espinaca troceada,"{""category"": ""vegetables"", ""subgroup"": ""leafy"", ""allowed_sample"": [""fruiting_veg"", ""other_veg"", ""vegetables""]}"
D3_category_subgroup_mismatch,HIGH,off_4a57af3d7a,Zanahoria en tiras,"{""category"": ""vegetables"", ""subgroup"": ""root_veg"", ""allowed_sample"": [""fruiting_veg"", ""other_veg"", ""vegetables""]}"
D3_category_subgroup_mismatch,HIGH,off_31b61cd756,Remolacha agridulce,"{""category"": ""vegetables"", ""subgroup"": ""root_veg"", ""allowed_sample"": [""fruiting_veg"", ""other_veg"", ""vegetables""]}"
D3_category_subgroup_mismatch,HIGH,off_35f1ff92ab,Zumo FRESH,"{""category"": ""other"", ""subgroup"": ""fruit"", ""allowed_sample"": [""other""]}"
D3_category_subgroup_mismatch,HIGH,off_9c07ab2fa4,Zumo con semillas de chía,"{""category"": ""other"", ""subgroup"": ""fruit"", ""allowed_sample"": [""other""]}"
D3_category_subgroup_mismatch,HIGH,off_398f5e1b2c,Espinacas con nata fresca Picadas,"{""category"": ""vegetables"", ""subgroup"": ""leafy"", ""allowed_sample"": [""fruiting_veg"", ""other_veg"", ""vegetables""]}"
D3_category_subgroup_mismatch,HIGH,off_7bc61af5c8,Yellow family smoothie,"{""category"": ""other"", ""subgroup"": ""fruit"", ""allowed_sample"": [""other""]}"
D3_category_subgroup_mismatch,HIGH,off_8d34f127be,Bifidus Melocotón - Maracuyá,"{""category"": ""carbs"", ""subgroup"": ""basic_dairy"", ""allowed_sample"": [""fruit"", ""frutos_bosque"", ""grains"", ""legumes"", ""other_carbs""]}"
D3_category_subgroup_mismatch,HIGH,off_f3db5249a6,Perejil fresco troceado,"{""category"": ""other"", ""subgroup"": ""vegetables"", ""allowed_sample"": [""other""]}"
D3_category_subgroup_mismatch,HIGH,off_985ae363bb,Puré de Brócoli Nata fresca,"{""category"": ""vegetables"", ""subgroup"": ""cruciferous"", ""allowed_sample"": [""fruiting_veg"", ""other_veg"", ""vegetables""]}"
D3_category_subgroup_mismatch,HIGH,off_fd7e9a335a,Salsa Tomate- Albahaca,"{""category"": ""carbs"", ""subgroup"": ""vegetables"", ""allowed_sample"": [""fruit"", ""frutos_bosque"", ""grains"", ""legumes"", ""other_carbs""]}"
D3_category_subgroup_mismatch,HIGH,off_c995f13858,Alcachofa ultracongelada,"{""category"": ""vegetables"", ""subgroup"": ""stalk_veg"", ""allowed_sample"": [""fruiting_veg"", ""other_veg"", ""vegetables""]}"
D3_category_subgroup_mismatch,HIGH,off_2e523da54e,Salsa de tomate a la provenzal,"{""category"": ""carbs"", ""subgroup"": ""vegetables"", ""allowed_sample"": [""fruit"", ""frutos_bosque"", ""grains"", ""legumes"", ""other_carbs""]}"
D3_category_subgroup_mismatch,HIGH,off_7414a638d5,Puré cocinado De apio,"{""category"": ""vegetables"", ""subgroup"": ""stalk_veg"", ""allowed_sample"": [""fruiting_veg"", ""other_veg"", ""vegetables""]}"
D3_category_subgroup_mismatch,HIGH,off_0fd1db03b4,Guisantes y zanahorias,"{""category"": ""vegetables"", ""subgroup"": ""root_veg"", ""allowed_sample"": [""fruiting_veg"", ""other_veg"", ""vegetables""]}"
D3_category_subgroup_mismatch,HIGH,off_c16b20543b,Habas,"{""category"": ""other"", ""subgroup"": ""vegetables"", ""allowed_sample"": [""other""]}"
D3_category_subgroup_mismatch,HIGH,off_b2a9899df7,100% ZUMO NATURAL Clementina,"{""category"": ""other"", ""subgroup"": ""fruit"", ""allowed_sample"": [""other""]}"
D3_category_subgroup_mismatch,HIGH,off_a0221f7da0,Coles de Bruselas,"{""category"": ""vegetables"", ""subgroup"": ""cruciferous"", ""allowed_sample"": [""fruiting_veg"", ""other_veg"", ""vegetables""]}"
D3_category_subgroup_mismatch,HIGH,off_382955aedf,Zanahoria rallada,"{""category"": ""vegetables"", ""subgroup"": ""root_veg"", ""allowed_sample"": [""fruiting_veg"", ""other_veg"", ""vegetables""]}"
D3_category_subgroup_mismatch,HIGH,off_6c1fad7a6d,Calabaza y zanahoria,"{""category"": ""vegetables"", ""subgroup"": ""root_veg"", ""allowed_sample"": [""fruiting_veg"", ""other_veg"", ""vegetables""]}"
D3_category_subgroup_mismatch,HIGH,off_7f993a1de9,VELOUTÉ DE Espinacas y Alcachofas Y un toque de nata fresca,"{""category"": ""vegetables"", ""subgroup"": ""leafy"", ""allowed_sample"": [""fruiting_veg"", ""other_veg"", ""vegetables""]}"
D3_category_subgroup_mismatch,HIGH,off_cba215bd9e,Jus d'orange en briquette,"{""category"": ""other"", ""subgroup"": ""fruit"", ""allowed_sample"": [""other""]}"
D3_category_subgroup_mismatch,HIGH,off_a86bba25ef,Sauce Arrabiata,"{""category"": ""other"", ""subgroup"": ""vegetables"", ""allowed_sample"": [""other""]}"
D3_category_subgroup_mismatch,HIGH,off_c001b2477c,Ensalada de la casa,"{""category"": ""other"", ""subgroup"": ""vegetables"", ""allowed_sample"": [""other""]}"
D3_category_subgroup_mismatch,HIGH,off_21bb129acf,Gazpacho Andaluz,"{""category"": ""other"", ""subgroup"": ""vegetables"", ""allowed_sample"": [""other""]}"
D3_category_subgroup_mismatch,HIGH,off_d6478d16fa,Alcachofa corazones,"{""category"": ""vegetables"", ""subgroup"": ""stalk_veg"", ""allowed_sample"": [""fruiting_veg"", ""other_veg"", ""vegetables""]}"
D3_category_subgroup_mismatch,HIGH,off_13698b6f1d,Pepinillos pequeñis agridulces,"{""category"": ""other"", ""subgroup"": ""vegetables"", ""allowed_sample"": [""other""]}"
D3_category_subgroup_mismatch,HIGH,off_54eb52df80,Crema de espárragos verdes,"{""category"": ""vegetables"", ""subgroup"": ""stalk_veg"", ""allowed_sample"": [""fruiting_veg"", ""other_veg"", ""vegetables""]}"
D3_category_subgroup_mismatch,HIGH,off_f743ba1e95,Espinacas hoja en porciones,"{""category"": ""vegetables"", ""subgroup"": ""leafy"", ""allowed_sample"": [""fruiting_veg"", ""other_veg"", ""vegetables""]}"
D3_category_subgroup_mismatch,HIGH,off_4588df5f1b,Antioxidant Juice,"{""category"": ""other"", ""subgroup"": ""fruit"", ""allowed_sample"": [""other""]}"
D3_category_subgroup_mismatch,HIGH,off_1e5491b809,Nectar manga,"{""category"": ""other"", ""subgroup"": ""fruit"", ""allowed_sample"": [""other""]}"
D3_category_subgroup_mismatch,HIGH,off_99f049a5f7,Canónigos,"{""category"": ""vegetables"", ""subgroup"": ""leafy"", ""allowed_sample"": [""fruiting_veg"", ""other_veg"", ""vegetables""]}"
D3_category_subgroup_mismatch,HIGH,off_06ebec9671,Leche fermentada con L.Casei sabor naranja,"{""category"": ""dairy"", ""subgroup"": ""fruit"", ""allowed_sample"": [""aged_cheese"", ""fresh_cheese"", ""high_protein_dairy"", ""low_fat_dairy"", ""other_dairy""]}"
D3_category_subgroup_mismatch,HIGH,off_9287cf44f5,Cuatro frutas con yogur,"{""category"": ""dairy"", ""subgroup"": ""fruit"", ""allowed_sample"": [""aged_cheese"", ""fresh_cheese"", ""high_protein_dairy"", ""low_fat_dairy"", ""other_dairy""]}"
D3_category_subgroup_mismatch,HIGH,off_e7725bc2cf,"Platano, mandarina y pera","{""category"": ""fruits"", ""subgroup"": ""nuts_seeds"", ""allowed_sample"": [""fruit"", ""frutos_bosque"", ""tropical""]}"
D3_category_subgroup_mismatch,HIGH,off_03cf5547e5,Leche avellanas & uvas pasas,"{""category"": ""dairy"", ""subgroup"": ""fruit"", ""allowed_sample"": [""aged_cheese"", ""fresh_cheese"", ""high_protein_dairy"", ""low_fat_dairy"", ""other_dairy""]}"
D3_category_subgroup_mismatch,HIGH,off_e6857e0f41,Mango deshidratado,"{""category"": ""fruits"", ""subgroup"": ""nuts_seeds"", ""allowed_sample"": [""fruit"", ""frutos_bosque"", ""tropical""]}"
D3_category_subgroup_mismatch,HIGH,off_f3fe83398d,Manzana y plátano,"{""category"": ""fruits"", ""subgroup"": ""nuts_seeds"", ""allowed_sample"": [""fruit"", ""frutos_bosque"", ""tropical""]}"
D3_category_subgroup_mismatch,HIGH,off_f1925296f9,Dátiles sin hueso,"{""category"": ""fruits"", ""subgroup"": ""nuts_seeds"", ""allowed_sample"": [""fruit"", ""frutos_bosque"", ""tropical""]}"
D3_category_subgroup_mismatch,HIGH,off_707316d802,Edulcorante en polvo,"{""category"": ""other"", ""subgroup"": ""other_carbs"", ""allowed_sample"": [""other""]}"
D3_category_subgroup_mismatch,HIGH,off_516180fdc1,Edulcorante de mesa a base de ciclamatos y sacarinas,"{""category"": ""other"", ""subgroup"": ""other_carbs"", ""allowed_sample"": [""other""]}"
D3_category_subgroup_mismatch,HIGH,off_f8dff72c16,Salsa Pimienta,"{""category"": ""other"", ""subgroup"": ""other_fat"", ""allowed_sample"": [""other""]}"
D3_category_subgroup_mismatch,HIGH,off_2152bde390,Salsa ranch,"{""category"": ""other"", ""subgroup"": ""other_fat"", ""allowed_sample"": [""other""]}"
D3_category_subgroup_mismatch,HIGH,off_5707eafa09,Salsa cocktail,"{""category"": ""other"", ""subgroup"": ""other_fat"", ""allowed_sample"": [""other""]}"
D3_category_subgroup_mismatch,HIGH,off_8f84024270,Salsa roquefort,"{""category"": ""other"", ""subgroup"": ""other_fat"", ""allowed_sample"": [""other""]}"
D3_category_subgroup_mismatch,HIGH,off_63d1aafc87,Pesto de Albahaca,"{""category"": ""other"", ""subgroup"": ""other_fat"", ""allowed_sample"": [""other""]}"
D3_category_subgroup_mismatch,HIGH,off_c3119319e1,Salsa estilo argentino,"{""category"": ""other"", ""subgroup"": ""other_fat"", ""allowed_sample"": [""other""]}"
D3_category_subgroup_mismatch,HIGH,off_55812493ff,Salsa César,"{""category"": ""other"", ""subgroup"": ""other_fat"", ""allowed_sample"": [""other""]}"
D3_category_subgroup_mismatch,HIGH,off_64cb55bf5e,Gajo Rustica salsa,"{""category"": ""other"", ""subgroup"": ""other_fat"", ""allowed_sample"": [""other""]}"
D3_category_subgroup_mismatch,HIGH,off_aef70b4ad9,Pan de leche con aceite girasol,"{""category"": ""dairy"", ""subgroup"": ""other_fat"", ""allowed_sample"": [""aged_cheese"", ""fresh_cheese"", ""high_protein_dairy"", ""low_fat_dairy"", ""other_dairy""]}"
D3_category_subgroup_mismatch,HIGH,off_8b01415610,Salsa Calçots,"{""category"": ""other"", ""subgroup"": ""other_fat"", ""allowed_sample"": [""other""]}"
D3_category_subgroup_mismatch,HIGH,off_f92f7c2072,Salsa TÁRTARA,"{""category"": ""other"", ""subgroup"": ""other_fat"", ""allowed_sample"": [""other""]}"
D3_category_subgroup_mismatch,HIGH,off_0eb5368182,Salsa ligera,"{""category"": ""other"", ""subgroup"": ""other_fat"", ""allowed_sample"": [""other""]}"
D3_category_subgroup_mismatch,HIGH,off_cfabd5a3f9,Hummus con pimiento del piquillo asado,"{""category"": ""carbs"", ""subgroup"": ""other_fat"", ""allowed_sample"": [""fruit"", ""frutos_bosque"", ""grains"", ""legumes"", ""other_carbs""]}"
D3_category_subgroup_mismatch,HIGH,off_e0d3482b22,Mejillones en salsa de vieira,"{""category"": ""other"", ""subgroup"": ""other_fat"", ""allowed_sample"": [""other""]}"
D3_category_subgroup_mismatch,HIGH,off_b4cd52aa6a,Salsa Curry,"{""category"": ""other"", ""subgroup"": ""other_fat"", ""allowed_sample"": [""other""]}"
D3_category_subgroup_mismatch,HIGH,off_344e3ea26d,Salsa Cesar,"{""category"": ""other"", ""subgroup"": ""other_fat"", ""allowed_sample"": [""other""]}"
D3_category_subgroup_mismatch,HIGH,off_fc0b6a2a7b,Piña deshidratada,"{""category"": ""fruits"", ""subgroup"": ""nuts_seeds"", ""allowed_sample"": [""fruit"", ""frutos_bosque"", ""tropical""]}"
D3_category_subgroup_mismatch,HIGH,off_14a5ca8bae,Uvas Pasas Sultanas,"{""category"": ""fruits"", ""subgroup"": ""nuts_seeds"", ""allowed_sample"": [""fruit"", ""frutos_bosque"", ""tropical""]}"
D3_category_subgroup_mismatch,HIGH,off_ccb88edd0e,Uvas pasas moscatel sin semillas,"{""category"": ""fruits"", ""subgroup"": ""nuts_seeds"", ""allowed_sample"": [""fruit"", ""frutos_bosque"", ""tropical""]}"
D3_category_subgroup_mismatch,HIGH,off_3e1429a464,Manzana Deshidratada,"{""category"": ""fruits"", ""subgroup"": ""nuts_seeds"", ""allowed_sample"": [""fruit"", ""frutos_bosque"", ""tropical""]}"
D3_category_subgroup_mismatch,HIGH,off_38d4968e2c,Salsa cocktail deluxe,"{""category"": ""other"", ""subgroup"": ""other_fat"", ""allowed_sample"": [""other""]}"
D3_category_subgroup_mismatch,HIGH,off_7659db7448,Pesto salsa fresca,"{""category"": ""other"", ""subgroup"": ""other_fat"", ""allowed_sample"": [""other""]}"
D3_category_subgroup_mismatch,HIGH,off_a2e3babe90,Dientes de ajo con aceite de oliva,"{""category"": ""vegetables"", ""subgroup"": ""allium"", ""allowed_sample"": [""fruiting_veg"", ""other_veg"", ""vegetables""]}"
D3_category_subgroup_mismatch,HIGH,off_fc9d8c6996,Rochers con leche con trocitos de avellanas,"{""category"": ""dairy"", ""subgroup"": ""other_fat"", ""allowed_sample"": [""aged_cheese"", ""fresh_cheese"", ""high_protein_dairy"", ""low_fat_dairy"", ""other_dairy""]}"
D3_category_subgroup_mismatch,HIGH,off_275f7b9f97,Suc Poma,"{""category"": ""other"", ""subgroup"": ""fruit"", ""allowed_sample"": [""other""]}"
D3_category_subgroup_mismatch,HIGH,off_b754b340d0,Cors de carxofa sencers,"{""category"": ""vegetables"", ""subgroup"": ""stalk_veg"", ""allowed_sample"": [""fruiting_veg"", ""other_veg"", ""vegetables""]}"
D3_category_subgroup_mismatch,HIGH,off_879c6dd57e,Yogurt desnatado melocotón,"{""category"": ""carbs"", ""subgroup"": ""basic_dairy"", ""allowed_sample"": [""fruit"", ""frutos_bosque"", ""grains"", ""legumes"", ""other_carbs""]}"
D3_category_subgroup_mismatch,HIGH,off_3042637b9a,Queso rallado Especial pasta,"{""category"": ""dairy"", ""subgroup"": ""cheese"", ""allowed_sample"": [""aged_cheese"", ""fresh_cheese"", ""high_protein_dairy"", ""low_fat_dairy"", ""other_dairy""]}"
D3_category_subgroup_mismatch,HIGH,off_5ab8507cac,Uvas pasas,"{""category"": ""fruits"", ""subgroup"": ""nuts_seeds"", ""allowed_sample"": [""fruit"", ""frutos_bosque"", ""tropical""]}"
D3_category_subgroup_mismatch,HIGH,off_f18b5e8b8a,Uvas pasas de Corinto ecológicas envase 90 g,"{""category"": ""fruits"", ""subgroup"": ""nuts_seeds"", ""allowed_sample"": [""fruit"", ""frutos_bosque"", ""tropical""]}"
D3_category_subgroup_mismatch,HIGH,off_8a10c543c9,Mostaza Mostarda,"{""category"": ""other"", ""subgroup"": ""other_dairy"", ""allowed_sample"": [""other""]}"
D3_category_subgroup_mismatch,HIGH,off_87c46e784f,Beguda de soja,"{""category"": ""carbs"", ""subgroup"": ""other_dairy"", ""allowed_sample"": [""fruit"", ""frutos_bosque"", ""grains"", ""legumes"", ""other_carbs""]}"
D3_category_subgroup_mismatch,HIGH,off_bf4e132302,Queso rallado especial para pasta,"{""category"": ""dairy"", ""subgroup"": ""cheese"", ""allowed_sample"": [""aged_cheese"", ""fresh_cheese"", ""high_protein_dairy"", ""low_fat_dairy"", ""other_dairy""]}"
D3_category_subgroup_mismatch,HIGH,off_683cbfc307,Queso fundido rallado Especial Pasta,"{""category"": ""dairy"", ""subgroup"": ""cheese"", ""allowed_sample"": [""aged_cheese"", ""fresh_cheese"", ""high_protein_dairy"", ""low_fat_dairy"", ""other_dairy""]}"
D3_category_subgroup_mismatch,HIGH,off_b2afec9978,Queso pasta,"{""category"": ""dairy"", ""subgroup"": ""cheese"", ""allowed_sample"": [""aged_cheese"", ""fresh_cheese"", ""high_protein_dairy"", ""low_fat_dairy"", ""other_dairy""]}"
D3_category_subgroup_mismatch,HIGH,off_c4216c1ce8,Ensalada completa césar pollo y queso,"{""category"": ""dairy"", ""subgroup"": ""cheese"", ""allowed_sample"": [""aged_cheese"", ""fresh_cheese"", ""high_protein_dairy"", ""low_fat_dairy"", ""other_dairy""]}"
D3_category_subgroup_mismatch,HIGH,off_a3fcd66ca4,Quark queso fresco batido con yogur muesli y quinoa 0%,"{""category"": ""dairy"", ""subgroup"": ""cheese"", ""allowed_sample"": [""aged_cheese"", ""fresh_cheese"", ""high_protein_dairy"", ""low_fat_dairy"", ""other_dairy""]}"
D3_category_subgroup_mismatch,HIGH,off_cdd23f05fe,Salsa Para Pasta De Tomate Y Queso Gorgonzola,"{""category"": ""dairy"", ""subgroup"": ""cheese"", ""allowed_sample"": [""aged_cheese"", ""fresh_cheese"", ""high_protein_dairy"", ""low_fat_dairy"", ""other_dairy""]}"
D3_category_subgroup_mismatch,HIGH,off_ec9d0cfc8d,Ensalada de quinoa,"{""category"": ""carbs"", ""subgroup"": ""other_dairy"", ""allowed_sample"": [""fruit"", ""frutos_bosque"", ""grains"", ""legumes"", ""other_carbs""]}"
D3_category_subgroup_mismatch,HIGH,off_aaa6d40bfd,Yogurt Soja Arandanos,"{""category"": ""carbs"", ""subgroup"": ""basic_dairy"", ""allowed_sample"": [""fruit"", ""frutos_bosque"", ""grains"", ""legumes"", ""other_carbs""]}"
D3_category_subgroup_mismatch,HIGH,off_905dc396b7,Dátiles naturales,"{""category"": ""fruits"", ""subgroup"": ""nuts_seeds"", ""allowed_sample"": [""fruit"", ""frutos_bosque"", ""tropical""]}"
D3_category_subgroup_mismatch,HIGH,off_ef360b5378,Edulcorante de mesa,"{""category"": ""other"", ""subgroup"": ""other_carbs"", ""allowed_sample"": [""other""]}"
D3_category_subgroup_mismatch,HIGH,off_44081caae5,Uvas pasas moscatel,"{""category"": ""fruits"", ""subgroup"": ""nuts_seeds"", ""allowed_sample"": [""fruit"", ""frutos_bosque"", ""tropical""]}"
D3_category_subgroup_mismatch,HIGH,off_0f271ae794,Uvas pasas Thompson,"{""category"": ""fruits"", ""subgroup"": ""nuts_seeds"", ""allowed_sample"": [""fruit"", ""frutos_bosque"", ""tropical""]}"
D3_category_subgroup_mismatch,HIGH,off_e130eef254,Ensaladilla de atún,"{""category"": ""protein"", ""subgroup"": ""fish"", ""allowed_sample"": [""eggs"", ""fish_fatty"", ""fish_white"", ""meat"", ""meat_fatty""]}"
D3_category_subgroup_mismatch,HIGH,off_4011842977,Ensalada de Atún con pasta,"{""category"": ""protein"", ""subgroup"": ""fish"", ""allowed_sample"": [""eggs"", ""fish_fatty"", ""fish_white"", ""meat"", ""meat_fatty""]}"
D3_category_subgroup_mismatch,HIGH,off_5df91f5b56,Filetes de Caballa en Salsa de Tomate,"{""category"": ""carbs"", ""subgroup"": ""fish"", ""allowed_sample"": [""fruit"", ""frutos_bosque"", ""grains"", ""legumes"", ""other_carbs""]}"
D3_category_subgroup_mismatch,HIGH,off_1c196b7fa0,Harina almendras,"{""category"": ""carbs"", ""subgroup"": ""other_fat"", ""allowed_sample"": [""fruit"", ""frutos_bosque"", ""grains"", ""legumes"", ""other_carbs""]}"
D3_category_subgroup_mismatch,HIGH,off_44460441a9,Lomo De Atun En Aceite,"{""category"": ""fat"", ""subgroup"": ""fish"", ""allowed_sample"": [""avocado"", ""butter_margarine"", ""nuts_seeds"", ""olive_oil"", ""other_fat""]}"
D3_category_subgroup_mismatch,HIGH,off_12e90e2f19,Atun En Aceite,"{""category"": ""fat"", ""subgroup"": ""fish"", ""allowed_sample"": [""avocado"", ""butter_margarine"", ""nuts_seeds"", ""olive_oil"", ""other_fat""]}"
D3_category_subgroup_mismatch,HIGH,off_c5b2a15fc9,Pastanagues,"{""category"": ""vegetables"", ""subgroup"": ""root_veg"", ""allowed_sample"": [""fruiting_veg"", ""other_veg"", ""vegetables""]}"
D3_category_subgroup_mismatch,HIGH,off_cd20a3430c,Atún claro con oliva ecologico,"{""category"": ""fat"", ""subgroup"": ""fish"", ""allowed_sample"": [""avocado"", ""butter_margarine"", ""nuts_seeds"", ""olive_oil"", ""other_fat""]}"
D3_category_subgroup_mismatch,HIGH,off_4c271e54da,Atun Aleta Amarilla Agua Y Aceite,"{""category"": ""fat"", ""subgroup"": ""fish"", ""allowed_sample"": [""avocado"", ""butter_margarine"", ""nuts_seeds"", ""olive_oil"", ""other_fat""]}"
D3_category_subgroup_mismatch,HIGH,off_e00faa0cde,Lomitos de Atún en aceite y agua,"{""category"": ""fat"", ""subgroup"": ""fish"", ""allowed_sample"": [""avocado"", ""butter_margarine"", ""nuts_seeds"", ""olive_oil"", ""other_fat""]}"
D3_category_subgroup_mismatch,HIGH,off_42ccf7410d,Atún en Aceite de Maravilla,"{""category"": ""fat"", ""subgroup"": ""fish"", ""allowed_sample"": [""avocado"", ""butter_margarine"", ""nuts_seeds"", ""olive_oil"", ""other_fat""]}"
D3_category_subgroup_mismatch,HIGH,off_a76f106860,Atún en Aceite,"{""category"": ""fat"", ""subgroup"": ""fish"", ""allowed_sample"": [""avocado"", ""butter_margarine"", ""nuts_seeds"", ""olive_oil"", ""other_fat""]}"
D3_category_subgroup_mismatch,HIGH,off_945746acf2,Tomaquet fregit,"{""category"": ""other"", ""subgroup"": ""vegetables"", ""allowed_sample"": [""other""]}"
D3_category_subgroup_mismatch,HIGH,off_c13aa2407c,Salmorejo de hortalizas frescas,"{""category"": ""other"", ""subgroup"": ""vegetables"", ""allowed_sample"": [""other""]}"
D3_category_subgroup_mismatch,HIGH,off_7980041282,Guisantes al natural muy finos,"{""category"": ""other"", ""subgroup"": ""vegetables"", ""allowed_sample"": [""other""]}"
D3_category_subgroup_mismatch,HIGH,off_b63b8e4715,Pimientos del piquillo enteros asados,"{""category"": ""other"", ""subgroup"": ""vegetables"", ""allowed_sample"": [""other""]}"
D3_category_subgroup_mismatch,HIGH,off_bd5e594aba,Carxofes amanides,"{""category"": ""other"", ""subgroup"": ""vegetables"", ""allowed_sample"": [""other""]}"
D3_category_subgroup_mismatch,HIGH,off_ea37808ea2,Suc de taronja,"{""category"": ""other"", ""subgroup"": ""fruit"", ""allowed_sample"": [""other""]}"
D3_category_subgroup_mismatch,HIGH,off_0945b7c21f,Pechuga de pollo en aceite,"{""category"": ""fat"", ""subgroup"": ""meat"", ""allowed_sample"": [""avocado"", ""butter_margarine"", ""nuts_seeds"", ""olive_oil"", ""other_fat""]}"
D3_category_subgroup_mismatch,HIGH,off_bca68b0b51,Guindillas en vinagre,"{""category"": ""other"", ""subgroup"": ""vegetables"", ""allowed_sample"": [""other""]}"
D3_category_subgroup_mismatch,HIGH,off_6fa511a7ee,Suc de poma,"{""category"": ""other"", ""subgroup"": ""fruit"", ""allowed_sample"": [""other""]}"
D3_category_subgroup_mismatch,HIGH,tortita_8480000864833,Tortitas de arroz y legumbres,"{""category"": ""protein"", ""subgroup"": ""legumes"", ""allowed_sample"": [""eggs"", ""fish_fatty"", ""fish_white"", ""meat"", ""meat_fatty""]}"
D3_category_subgroup_mismatch,HIGH,100036,Light Greek Style Yogurt,"{""category"": ""postres_proteicos"", ""subgroup"": ""low_fat_dairy"", ""allowed_sample"": [""fresh_cheese"", ""high_protein_dairy"", ""other_dairy""]}"
D3_category_subgroup_mismatch,HIGH,100038,Yogur Fresa,"{""category"": ""postres_proteicos"", ""subgroup"": ""basic_dairy"", ""allowed_sample"": [""fresh_cheese"", ""high_protein_dairy"", ""other_dairy""]}"
D3_category_subgroup_mismatch,HIGH,100062,Natillas Con chocolate,"{""category"": ""postres_proteicos"", ""subgroup"": ""sweets_bakery"", ""allowed_sample"": [""fresh_cheese"", ""high_protein_dairy"", ""other_dairy""]}"
D3_category_subgroup_mismatch,HIGH,manual_choco_0002,Chocolate negro 85% cacao,"{""category"": ""fat"", ""subgroup"": ""sweets_bakery"", ""allowed_sample"": [""avocado"", ""butter_margarine"", ""nuts_seeds"", ""olive_oil"", ""other_fat""]}"
D3_category_subgroup_mismatch,HIGH,manual_choco_0003,Chocolate negro 99% cacao,"{""category"": ""fat"", ""subgroup"": ""sweets_bakery"", ""allowed_sample"": [""avocado"", ""butter_margarine"", ""nuts_seeds"", ""olive_oil"", ""other_fat""]}"
D3_category_subgroup_mismatch,HIGH,manual_choco_0005,Valor Chocolate Negro 85% Cacao,"{""category"": ""fat"", ""subgroup"": ""sweets_bakery"", ""allowed_sample"": [""avocado"", ""butter_margarine"", ""nuts_seeds"", ""olive_oil"", ""other_fat""]}"
D3_category_subgroup_mismatch,HIGH,manual_choco_0006,Lindt Excellence 70% Cacao,"{""category"": ""fat"", ""subgroup"": ""sweets_bakery"", ""allowed_sample"": [""avocado"", ""butter_margarine"", ""nuts_seeds"", ""olive_oil"", ""other_fat""]}"
D3_category_subgroup_mismatch,HIGH,manual_choco_0007,Lindt Excellence 85% Cacao,"{""category"": ""fat"", ""subgroup"": ""sweets_bakery"", ""allowed_sample"": [""avocado"", ""butter_margarine"", ""nuts_seeds"", ""olive_oil"", ""other_fat""]}"
D3_category_subgroup_mismatch,HIGH,manual_choco_0008,Lindt Excellence 90% Cacao,"{""category"": ""fat"", ""subgroup"": ""sweets_bakery"", ""allowed_sample"": [""avocado"", ""butter_margarine"", ""nuts_seeds"", ""olive_oil"", ""other_fat""]}"
D3_category_subgroup_mismatch,HIGH,manual_choco_0010,Hacendado Chocolate Negro 85% Cacao,"{""category"": ""fat"", ""subgroup"": ""sweets_bakery"", ""allowed_sample"": [""avocado"", ""butter_margarine"", ""nuts_seeds"", ""olive_oil"", ""other_fat""]}"
D3_category_subgroup_mismatch,HIGH,manual_choco_0014,Hacendado Chocolate Puro Cacao,"{""category"": ""fat"", ""subgroup"": ""sweets_bakery"", ""allowed_sample"": [""avocado"", ""butter_margarine"", ""nuts_seeds"", ""olive_oil"", ""other_fat""]}"
D3_category_subgroup_mismatch,HIGH,manual_choco_0015,Fin Carré Chocolate Negro 85% Cacao,"{""category"": ""fat"", ""subgroup"": ""sweets_bakery"", ""allowed_sample"": [""avocado"", ""butter_margarine"", ""nuts_seeds"", ""olive_oil"", ""other_fat""]}"
D4_subgroup_not_canonical,MEDIUM,bedca_0019,"Zanahoria, cruda","{""subgroup"": ""root_veg"", ""category"": ""vegetables""}"
D4_subgroup_not_canonical,MEDIUM,bedca_0022,Borraja,"{""subgroup"": ""leafy"", ""category"": ""vegetables""}"
D4_subgroup_not_canonical,MEDIUM,bedca_0038,Rabano,"{""subgroup"": ""root_veg"", ""category"": ""vegetables""}"
D4_subgroup_not_canonical,MEDIUM,bedca_0042,"Acelga, cruda","{""subgroup"": ""leafy"", ""category"": ""vegetables""}"
D4_subgroup_not_canonical,MEDIUM,bedca_0056,"Apio, crudo","{""subgroup"": ""stalk_veg"", ""category"": ""vegetables""}"
D4_subgroup_not_canonical,MEDIUM,bedca_0063,Canonigos,"{""subgroup"": ""leafy"", ""category"": ""vegetables""}"
D4_subgroup_not_canonical,MEDIUM,bedca_0079,Cebolla,"{""subgroup"": ""allium"", ""category"": ""vegetables""}"
D4_subgroup_not_canonical,MEDIUM,bedca_0083,Escarola,"{""subgroup"": ""leafy"", ""category"": ""vegetables""}"
D4_subgroup_not_canonical,MEDIUM,bedca_0098,"Esparragos blanco, en conserva","{""subgroup"": ""stalk_veg"", ""category"": ""vegetables""}"
D4_subgroup_not_canonical,MEDIUM,bedca_0106,Endibia,"{""subgroup"": ""leafy"", ""category"": ""vegetables""}"
D4_subgroup_not_canonical,MEDIUM,bedca_0115,Rucula,"{""subgroup"": ""leafy"", ""category"": ""vegetables""}"
D4_subgroup_not_canonical,MEDIUM,bedca_0136,"Coliflor, hervida","{""subgroup"": ""cruciferous"", ""category"": ""vegetables""}"
D4_subgroup_not_canonical,MEDIUM,bedca_0140,Bambú. crudo,"{""subgroup"": ""stalk_veg"", ""category"": ""vegetables""}"
D4_subgroup_not_canonical,MEDIUM,bedca_0146,"Brécol, hervido","{""subgroup"": ""cruciferous"", ""category"": ""vegetables""}"
D4_subgroup_not_canonical,MEDIUM,bedca_0168,Flamenquín,"{""subgroup"": ""processed_protein"", ""category"": ""protein""}"
D4_subgroup_not_canonical,MEDIUM,bedca_0191,"Cebolla, hervida","{""subgroup"": ""allium"", ""category"": ""vegetables""}"
D4_subgroup_not_canonical,MEDIUM,bedca_0209,"Pescado, genérico","{""subgroup"": ""fish"", ""category"": ""protein""}"
D4_subgroup_not_canonical,MEDIUM,bedca_0219,"Espinaca, hervida","{""subgroup"": ""leafy"", ""category"": ""vegetables""}"
D4_subgroup_not_canonical,MEDIUM,bedca_0220,"Pez emperador, plancha","{""subgroup"": ""fish"", ""category"": ""protein""}"
D4_subgroup_not_canonical,MEDIUM,bedca_0229,"Acelgas, hervidas","{""subgroup"": ""leafy"", ""category"": ""vegetables""}"
D4_subgroup_not_canonical,MEDIUM,bedca_0230,"Cebolla, asada","{""subgroup"": ""allium"", ""category"": ""vegetables""}"
D4_subgroup_not_canonical,MEDIUM,bedca_0244,"Remolacha, en conserva","{""subgroup"": ""root_veg"", ""category"": ""vegetables""}"
D4_subgroup_not_canonical,MEDIUM,bedca_0246,"Sargo, crudo","{""subgroup"": ""fish"", ""category"": ""protein""}"
D4_subgroup_not_canonical,MEDIUM,bedca_0247,Trucha,"{""subgroup"": ""fish"", ""category"": ""protein""}"
D4_subgroup_not_canonical,MEDIUM,bedca_0248,"Sardina, enlatada, en aceite, escurrida","{""subgroup"": ""fish"", ""category"": ""fat""}"
D4_subgroup_not_canonical,MEDIUM,bedca_0265,Alcachofas en conserva,"{""subgroup"": ""stalk_veg"", ""category"": ""vegetables""}"
D4_subgroup_not_canonical,MEDIUM,bedca_0309,"Nabo, pelado, crudo","{""subgroup"": ""root_veg"", ""category"": ""vegetables""}"
D4_subgroup_not_canonical,MEDIUM,bedca_0310,"Mújol, crudo","{""subgroup"": ""fish"", ""category"": ""protein""}"
D4_subgroup_not_canonical,MEDIUM,bedca_0332,"Puerro, en conserva","{""subgroup"": ""allium"", ""category"": ""vegetables""}"
D4_subgroup_not_canonical,MEDIUM,bedca_0337,"Platija, cruda","{""subgroup"": ""fish"", ""category"": ""protein""}"
D4_subgroup_not_canonical,MEDIUM,bedca_0372,Bacaladilla,"{""subgroup"": ""fish"", ""category"": ""protein""}"
D4_subgroup_not_canonical,MEDIUM,bedca_0385,Lechuga,"{""subgroup"": ""leafy"", ""category"": ""vegetables""}"
D4_subgroup_not_canonical,MEDIUM,bedca_0390,Zamburiñas,"{""subgroup"": ""fish"", ""category"": ""protein""}"
D4_subgroup_not_canonical,MEDIUM,bedca_0399,Grelo,"{""subgroup"": ""leafy"", ""category"": ""vegetables""}"
D4_subgroup_not_canonical,MEDIUM,bedca_0402,Pez emperador,"{""subgroup"": ""fish"", ""category"": ""protein""}"
D4_subgroup_not_canonical,MEDIUM,bedca_0409,Cremoso san millan,"{""subgroup"": ""cheese"", ""category"": ""dairy""}"
D4_subgroup_not_canonical,MEDIUM,bedca_0436,"Zanahoria, zumo fresco","{""subgroup"": ""root_veg"", ""category"": ""vegetables""}"
D4_subgroup_not_canonical,MEDIUM,bedca_0445,Lombarda,"{""subgroup"": ""cruciferous"", ""category"": ""vegetables""}"
D4_subgroup_not_canonical,MEDIUM,bedca_0451,Esparragos blancos en conserva,"{""subgroup"": ""stalk_veg"", ""category"": ""vegetables""}"
D4_subgroup_not_canonical,MEDIUM,bedca_0453,Cuajada,"{""subgroup"": ""basic_dairy"", ""category"": ""dairy""}"
D4_subgroup_not_canonical,MEDIUM,bedca_0458,Choped pork,"{""subgroup"": ""processed_protein"", ""category"": ""protein""}"
D4_subgroup_not_canonical,MEDIUM,bedca_0464,Cardo,"{""subgroup"": ""stalk_veg"", ""category"": ""vegetables""}"
D4_subgroup_not_canonical,MEDIUM,bedca_0526,"Carpa, cruda","{""subgroup"": ""fish"", ""category"": ""protein""}"
D4_subgroup_not_canonical,MEDIUM,bedca_0527,Caviar,"{""subgroup"": ""fish"", ""category"": ""protein""}"
D4_subgroup_not_canonical,MEDIUM,bedca_0579,"Zumo de zanahoria, fresco","{""subgroup"": ""root_veg"", ""category"": ""vegetables""}"
D4_subgroup_not_canonical,MEDIUM,bedca_0601,"Espinaca, en conserva","{""subgroup"": ""leafy"", ""category"": ""vegetables""}"
D4_subgroup_not_canonical,MEDIUM,bedca_0602,"Col blanca, cruda","{""subgroup"": ""cruciferous"", ""category"": ""vegetables""}"
D4_subgroup_not_canonical,MEDIUM,bedca_0607,"Acelga, en conserva","{""subgroup"": ""leafy"", ""category"": ""vegetables""}"
D4_subgroup_not_canonical,MEDIUM,bedca_0610,"Cardo, tallo, en conserva","{""subgroup"": ""stalk_veg"", ""category"": ""vegetables""}"
D4_subgroup_not_canonical,MEDIUM,bedca_0618,"Col lombarda, hervida","{""subgroup"": ""cruciferous"", ""category"": ""vegetables""}"
D4_subgroup_not_canonical,MEDIUM,bedca_0619,"Cebollino, crudo","{""subgroup"": ""allium"", ""category"": ""vegetables""}"
D4_subgroup_not_canonical,MEDIUM,bedca_0622,"Berro, crudo","{""subgroup"": ""leafy"", ""category"": ""vegetables""}"
D4_subgroup_not_canonical,MEDIUM,bedca_0623,"Alcachofa, cruda","{""subgroup"": ""stalk_veg"", ""category"": ""vegetables""}"
D4_subgroup_not_canonical,MEDIUM,bedca_0735,"Bacón, ahumado, a la parrilla","{""subgroup"": ""processed_protein"", ""category"": ""protein""}"
D4_subgroup_not_canonical,MEDIUM,bedca_0744,"Bonito, enlatado en aceite, escurrido","{""subgroup"": ""fish"", ""category"": ""fat""}"
D4_subgroup_not_canonical,MEDIUM,bedca_0746,"Perca, al horno","{""subgroup"": ""fish"", ""category"": ""protein""}"
D4_subgroup_not_canonical,MEDIUM,bedca_0747,"Lucio, al horno","{""subgroup"": ""fish"", ""category"": ""protein""}"
D4_subgroup_not_canonical,MEDIUM,bedca_0748,"Carpa, al horno","{""subgroup"": ""fish"", ""category"": ""protein""}"
D4_subgroup_not_canonical,MEDIUM,bedca_0749,"Platija, al vapor","{""subgroup"": ""fish"", ""category"": ""protein""}"
D4_subgroup_not_canonical,MEDIUM,bedca_0752,"Mújol, al horno","{""subgroup"": ""fish"", ""category"": ""protein""}"
D4_subgroup_not_canonical,MEDIUM,bedca_0756,"Col de bruselas, cruda","{""subgroup"": ""cruciferous"", ""category"": ""vegetables""}"
D4_subgroup_not_canonical,MEDIUM,bedca_0757,"Brécol, crudo","{""subgroup"": ""cruciferous"", ""category"": ""vegetables""}"
D4_subgroup_not_canonical,MEDIUM,bedca_0763,"Caballa, enlatada en aceite, escurrida","{""subgroup"": ""fish"", ""category"": ""fat""}"
D4_subgroup_not_canonical,MEDIUM,bedca_0781,"Apio, en conserva en salmuera","{""subgroup"": ""stalk_veg"", ""category"": ""vegetables""}"
D4_subgroup_not_canonical,MEDIUM,bedca_0805,"Lija, cruda","{""subgroup"": ""fish"", ""category"": ""protein""}"
D4_subgroup_not_canonical,MEDIUM,bedca_0818,"Espárrago, verde","{""subgroup"": ""stalk_veg"", ""category"": ""vegetables""}"
D4_subgroup_not_canonical,MEDIUM,bedca_0834,"Achicoria, cruda","{""subgroup"": ""leafy"", ""category"": ""vegetables""}"
D4_subgroup_not_canonical,MEDIUM,bedca_0852,"Bacaladilla, cruda","{""subgroup"": ""fish"", ""category"": ""protein""}"
D4_subgroup_not_canonical,MEDIUM,bedca_0855,"Col rizada, cruda","{""subgroup"": ""leafy"", ""category"": ""vegetables""}"
D4_subgroup_not_canonical,MEDIUM,bedca_0859,"Angula, cruda","{""subgroup"": ""fish"", ""category"": ""protein""}"
D4_subgroup_not_canonical,MEDIUM,bedca_0877,"Petit suisse, fresa","{""subgroup"": ""basic_dairy"", ""category"": ""carbs""}"
D4_subgroup_not_canonical,MEDIUM,bedca_0883,"Tenca, cruda","{""subgroup"": ""fish"", ""category"": ""protein""}"
D4_subgroup_not_canonical,MEDIUM,bedca_0884,"Salema, cruda","{""subgroup"": ""fish"", ""category"": ""protein""}"
D4_subgroup_not_canonical,MEDIUM,bedca_0885,"Volador, crudo","{""subgroup"": ""fish"", ""category"": ""protein""}"
D4_subgroup_not_canonical,MEDIUM,bedca_0886,"Vieja, cruda","{""subgroup"": ""fish"", ""category"": ""protein""}"
D4_subgroup_not_canonical,MEDIUM,bedca_0919,"Perca, cruda","{""subgroup"": ""fish"", ""category"": ""protein""}"
D4_subgroup_not_canonical,MEDIUM,off_36593544a2,Velouté Puerro & Patatas,"{""subgroup"": ""allium"", ""category"": ""vegetables""}"
D4_subgroup_not_canonical,MEDIUM,off_3b0b9dd285,Velouté con Puerros & patatas,"{""subgroup"": ""allium"", ""category"": ""vegetables""}"
D4_subgroup_not_canonical,MEDIUM,off_173ddcb279,Velouté Puerros y patatas,"{""subgroup"": ""allium"", ""category"": ""vegetables""}"
D4_subgroup_not_canonical,MEDIUM,off_f41946bbbc,Ensalada queso de cabra,"{""subgroup"": ""cheese"", ""category"": ""dairy""}"
D4_subgroup_not_canonical,MEDIUM,off_ae11a016ea,Yogurt de soja,"{""subgroup"": ""basic_dairy"", ""category"": ""carbs""}"
D4_subgroup_not_canonical,MEDIUM,off_53c580cc99,Yogurt natural de soja,"{""subgroup"": ""basic_dairy"", ""category"": ""carbs""}"
D4_subgroup_not_canonical,MEDIUM,off_1d4128d916,Cebolla troceada,"{""subgroup"": ""allium"", ""category"": ""vegetables""}"
D4_subgroup_not_canonical,MEDIUM,off_57694a100a,Corazones de alcachofas cortados,"{""subgroup"": ""stalk_veg"", ""category"": ""vegetables""}"
D4_subgroup_not_canonical,MEDIUM,off_86a92ae742,Queso en polvo especial pasta,"{""subgroup"": ""cheese"", ""category"": ""dairy""}"
D4_subgroup_not_canonical,MEDIUM,off_b108599cb9,Espinacas en hoja porción,"{""subgroup"": ""leafy"", ""category"": ""vegetables""}"
D4_subgroup_not_canonical,MEDIUM,off_5833bb5c8c,Remolacha en rodajas,"{""subgroup"": ""root_veg"", ""category"": ""vegetables""}"
D4_subgroup_not_canonical,MEDIUM,off_49812bbb6f,Queso especial pasta,"{""subgroup"": ""cheese"", ""category"": ""dairy""}"
D4_subgroup_not_canonical,MEDIUM,off_4779604f85,Espinaca Hoja en Porciones,"{""subgroup"": ""leafy"", ""category"": ""vegetables""}"
D4_subgroup_not_canonical,MEDIUM,off_a01fbb7d6f,Trío de Floretes,"{""subgroup"": ""cruciferous"", ""category"": ""vegetables""}"
D4_subgroup_not_canonical,MEDIUM,off_26a50c4ab1,Alcachofa troceada,"{""subgroup"": ""stalk_veg"", ""category"": ""vegetables""}"
D4_subgroup_not_canonical,MEDIUM,off_cc1f1c1cbd,Corazones de alcachofa congelados,"{""subgroup"": ""stalk_veg"", ""category"": ""vegetables""}"
D4_subgroup_not_canonical,MEDIUM,off_74d0696bd0,Batido con yogur y avena,"{""subgroup"": ""basic_dairy"", ""category"": ""dairy""}"
D4_subgroup_not_canonical,MEDIUM,off_55cd5ec65e,"Mezcla de brotes de judía, bambú, col, castañas y zanahoria","{""subgroup"": ""root_veg"", ""category"": ""vegetables""}"
D4_subgroup_not_canonical,MEDIUM,off_7068521f28,Bebida de zumo de frutas y zanahoria,"{""subgroup"": ""root_veg"", ""category"": ""vegetables""}"
D4_subgroup_not_canonical,MEDIUM,off_1bec267e34,Queso para Ensalada,"{""subgroup"": ""cheese"", ""category"": ""dairy""}"
D4_subgroup_not_canonical,MEDIUM,off_6ed7f829c5,Salsa fresca queso,"{""subgroup"": ""cheese"", ""category"": ""dairy""}"
D4_subgroup_not_canonical,MEDIUM,off_6a7a57f4e2,Col lombarda,"{""subgroup"": ""cruciferous"", ""category"": ""vegetables""}"
D4_subgroup_not_canonical,MEDIUM,off_ded2017304,Tumaca ajo,"{""subgroup"": ""allium"", ""category"": ""vegetables""}"
D4_subgroup_not_canonical,MEDIUM,off_9d6bd8da79,Alcachofas baby,"{""subgroup"": ""stalk_veg"", ""category"": ""vegetables""}"
D4_subgroup_not_canonical,MEDIUM,off_29449d1f60,Ensaladilla rusa con atún,"{""subgroup"": ""fish"", ""category"": ""protein""}"
D4_subgroup_not_canonical,MEDIUM,off_d13b5269b0,Atún claro oliva,"{""subgroup"": ""fish"", ""category"": ""fat""}"
D4_subgroup_not_canonical,MEDIUM,off_f66bfecdcd,Cardo troceado,"{""subgroup"": ""stalk_veg"", ""category"": ""vegetables""}"
D4_subgroup_not_canonical,MEDIUM,off_84dc056359,Brócoli en floretes,"{""subgroup"": ""cruciferous"", ""category"": ""vegetables""}"
D4_subgroup_not_canonical,MEDIUM,off_d84450f81e,Brocoli,"{""subgroup"": ""cruciferous"", ""category"": ""vegetables""}"
D4_subgroup_not_canonical,MEDIUM,off_fa7388e141,"Caballa del sur en filetes, en tomate","{""subgroup"": ""fish"", ""category"": ""carbs""}"
D4_subgroup_not_canonical,MEDIUM,off_357bfb08b8,Caballa del sur en tomate,"{""subgroup"": ""fish"", ""category"": ""carbs""}"
D4_subgroup_not_canonical,MEDIUM,off_1fa3cd0c87,Filetes de caballa del sur en tomate,"{""subgroup"": ""fish"", ""category"": ""carbs""}"
D4_subgroup_not_canonical,MEDIUM,off_99e8563c8a,Guisantes muy finos y zanahorias ecológicos,"{""subgroup"": ""root_veg"", ""category"": ""vegetables""}"
D4_subgroup_not_canonical,MEDIUM,off_04c157a577,Corazones de alcachofa de Tudela,"{""subgroup"": ""stalk_veg"", ""category"": ""vegetables""}"
D4_subgroup_not_canonical,MEDIUM,off_b174d070ae,Puré de Zanahoria Nata fresca,"{""subgroup"": ""root_veg"", ""category"": ""vegetables""}"
D4_subgroup_not_canonical,MEDIUM,off_3aeed32c29,Espinaca troceada,"{""subgroup"": ""leafy"", ""category"": ""vegetables""}"
D4_subgroup_not_canonical,MEDIUM,off_4a57af3d7a,Zanahoria en tiras,"{""subgroup"": ""root_veg"", ""category"": ""vegetables""}"
D4_subgroup_not_canonical,MEDIUM,off_31b61cd756,Remolacha agridulce,"{""subgroup"": ""root_veg"", ""category"": ""vegetables""}"
D4_subgroup_not_canonical,MEDIUM,off_398f5e1b2c,Espinacas con nata fresca Picadas,"{""subgroup"": ""leafy"", ""category"": ""vegetables""}"
D4_subgroup_not_canonical,MEDIUM,off_8d34f127be,Bifidus Melocotón - Maracuyá,"{""subgroup"": ""basic_dairy"", ""category"": ""carbs""}"
D4_subgroup_not_canonical,MEDIUM,off_985ae363bb,Puré de Brócoli Nata fresca,"{""subgroup"": ""cruciferous"", ""category"": ""vegetables""}"
D4_subgroup_not_canonical,MEDIUM,off_c995f13858,Alcachofa ultracongelada,"{""subgroup"": ""stalk_veg"", ""category"": ""vegetables""}"
D4_subgroup_not_canonical,MEDIUM,off_7414a638d5,Puré cocinado De apio,"{""subgroup"": ""stalk_veg"", ""category"": ""vegetables""}"
D4_subgroup_not_canonical,MEDIUM,off_0fd1db03b4,Guisantes y zanahorias,"{""subgroup"": ""root_veg"", ""category"": ""vegetables""}"
D4_subgroup_not_canonical,MEDIUM,off_a0221f7da0,Coles de Bruselas,"{""subgroup"": ""cruciferous"", ""category"": ""vegetables""}"
D4_subgroup_not_canonical,MEDIUM,off_382955aedf,Zanahoria rallada,"{""subgroup"": ""root_veg"", ""category"": ""vegetables""}"
D4_subgroup_not_canonical,MEDIUM,off_6c1fad7a6d,Calabaza y zanahoria,"{""subgroup"": ""root_veg"", ""category"": ""vegetables""}"
D4_subgroup_not_canonical,MEDIUM,off_7f993a1de9,VELOUTÉ DE Espinacas y Alcachofas Y un toque de nata fresca,"{""subgroup"": ""leafy"", ""category"": ""vegetables""}"
D4_subgroup_not_canonical,MEDIUM,off_d6478d16fa,Alcachofa corazones,"{""subgroup"": ""stalk_veg"", ""category"": ""vegetables""}"
D4_subgroup_not_canonical,MEDIUM,off_54eb52df80,Crema de espárragos verdes,"{""subgroup"": ""stalk_veg"", ""category"": ""vegetables""}"
D4_subgroup_not_canonical,MEDIUM,off_f743ba1e95,Espinacas hoja en porciones,"{""subgroup"": ""leafy"", ""category"": ""vegetables""}"
D4_subgroup_not_canonical,MEDIUM,off_99f049a5f7,Canónigos,"{""subgroup"": ""leafy"", ""category"": ""vegetables""}"
D4_subgroup_not_canonical,MEDIUM,off_a2e3babe90,Dientes de ajo con aceite de oliva,"{""subgroup"": ""allium"", ""category"": ""vegetables""}"
D4_subgroup_not_canonical,MEDIUM,off_b754b340d0,Cors de carxofa sencers,"{""subgroup"": ""stalk_veg"", ""category"": ""vegetables""}"
D4_subgroup_not_canonical,MEDIUM,off_879c6dd57e,Yogurt desnatado melocotón,"{""subgroup"": ""basic_dairy"", ""category"": ""carbs""}"
D4_subgroup_not_canonical,MEDIUM,off_3042637b9a,Queso rallado Especial pasta,"{""subgroup"": ""cheese"", ""category"": ""dairy""}"
D4_subgroup_not_canonical,MEDIUM,off_bf4e132302,Queso rallado especial para pasta,"{""subgroup"": ""cheese"", ""category"": ""dairy""}"
D4_subgroup_not_canonical,MEDIUM,off_683cbfc307,Queso fundido rallado Especial Pasta,"{""subgroup"": ""cheese"", ""category"": ""dairy""}"
D4_subgroup_not_canonical,MEDIUM,off_b2afec9978,Queso pasta,"{""subgroup"": ""cheese"", ""category"": ""dairy""}"
D4_subgroup_not_canonical,MEDIUM,off_c4216c1ce8,Ensalada completa césar pollo y queso,"{""subgroup"": ""cheese"", ""category"": ""dairy""}"
D4_subgroup_not_canonical,MEDIUM,off_a3fcd66ca4,Quark queso fresco batido con yogur muesli y quinoa 0%,"{""subgroup"": ""cheese"", ""category"": ""dairy""}"
D4_subgroup_not_canonical,MEDIUM,off_cdd23f05fe,Salsa Para Pasta De Tomate Y Queso Gorgonzola,"{""subgroup"": ""cheese"", ""category"": ""dairy""}"
D4_subgroup_not_canonical,MEDIUM,off_aaa6d40bfd,Yogurt Soja Arandanos,"{""subgroup"": ""basic_dairy"", ""category"": ""carbs""}"
D4_subgroup_not_canonical,MEDIUM,off_e130eef254,Ensaladilla de atún,"{""subgroup"": ""fish"", ""category"": ""protein""}"
D4_subgroup_not_canonical,MEDIUM,off_4011842977,Ensalada de Atún con pasta,"{""subgroup"": ""fish"", ""category"": ""protein""}"
D4_subgroup_not_canonical,MEDIUM,off_5df91f5b56,Filetes de Caballa en Salsa de Tomate,"{""subgroup"": ""fish"", ""category"": ""carbs""}"
D4_subgroup_not_canonical,MEDIUM,off_44460441a9,Lomo De Atun En Aceite,"{""subgroup"": ""fish"", ""category"": ""fat""}"
D4_subgroup_not_canonical,MEDIUM,off_12e90e2f19,Atun En Aceite,"{""subgroup"": ""fish"", ""category"": ""fat""}"
D4_subgroup_not_canonical,MEDIUM,off_c5b2a15fc9,Pastanagues,"{""subgroup"": ""root_veg"", ""category"": ""vegetables""}"
D4_subgroup_not_canonical,MEDIUM,off_cd20a3430c,Atún claro con oliva ecologico,"{""subgroup"": ""fish"", ""category"": ""fat""}"
D4_subgroup_not_canonical,MEDIUM,off_4c271e54da,Atun Aleta Amarilla Agua Y Aceite,"{""subgroup"": ""fish"", ""category"": ""fat""}"
D4_subgroup_not_canonical,MEDIUM,off_e00faa0cde,Lomitos de Atún en aceite y agua,"{""subgroup"": ""fish"", ""category"": ""fat""}"
D4_subgroup_not_canonical,MEDIUM,off_42ccf7410d,Atún en Aceite de Maravilla,"{""subgroup"": ""fish"", ""category"": ""fat""}"
D4_subgroup_not_canonical,MEDIUM,off_a76f106860,Atún en Aceite,"{""subgroup"": ""fish"", ""category"": ""fat""}"
D4_subgroup_not_canonical,MEDIUM,100038,Yogur Fresa,"{""subgroup"": ""basic_dairy"", ""category"": ""postres_proteicos""}"
D7_exotic_token_no_flag,HIGH,bedca_0025,Foie gras,"{""exotic"": false}"
D7_exotic_token_no_flag,HIGH,off_5ff70beafa,Pâté au foie de canard Recette landaise,"{""exotic"": false}"
D7_exotic_token_no_flag,HIGH,off_092b2d2531,Bloc de foie gras de pato,"{""exotic"": false}"
D10_macros_implausible,MEDIUM,bedca_0324,"Lima, cruda","{""declared_kcal"": 25.0, ""computed_kcal"": 31.8, ""P"": 0.5, ""C"": 7.0, ""F"": 0.2}"
D10_macros_implausible,MEDIUM,bedca_0489,Sangría,"{""declared_kcal"": 80.0, ""computed_kcal"": 32.8, ""P"": 0.2, ""C"": 8.0, ""F"": 0}"
D10_macros_implausible,MEDIUM,off_da32197540,Arroz tres delicias,"{""declared_kcal"": 146.0, ""computed_kcal"": 114.4, ""P"": 5.0, ""C"": 20.0, ""F"": 1.6}"
D10_macros_implausible,MEDIUM,off_b2b16f41e2,Champiñones laminados,"{""declared_kcal"": 30.0, ""computed_kcal"": 23.8, ""P"": 3.0, ""C"": 0.7, ""F"": 1.0}"
D10_macros_implausible,MEDIUM,off_9e479f66ff,Bon yourt fresa,"{""declared_kcal"": 55.0, ""computed_kcal"": 43.6, ""P"": 2.9, ""C"": 8.0, ""F"": 0}"
D10_macros_implausible,MEDIUM,off_a634bd9e3a,Fresas enteras,"{""declared_kcal"": 30.0, ""computed_kcal"": 23.6, ""P"": 0.7, ""C"": 5.2, ""F"": 0}"
D10_macros_implausible,MEDIUM,off_c7b2c36da5,Zumo + leche tropical,"{""declared_kcal"": 13.0, ""computed_kcal"": 10.0, ""P"": 0, ""C"": 2.5, ""F"": 0}"
D10_macros_implausible,MEDIUM,off_919d82234f,Kéfir,"{""declared_kcal"": 32.0, ""computed_kcal"": 66.5, ""P"": 6.6, ""C"": 8.9, ""F"": 0.5}"
D10_macros_implausible,MEDIUM,off_bbe47a2074,Leche extra fino,"{""declared_kcal"": 57.0, ""computed_kcal"": 89.3, ""P"": 9.1, ""C"": 4.9, ""F"": 3.7}"
D10_macros_implausible,MEDIUM,off_b108599cb9,Espinacas en hoja porción,"{""declared_kcal"": 33.0, ""computed_kcal"": 26.1, ""P"": 4.0, ""C"": 0.5, ""F"": 0.9}"
D10_macros_implausible,MEDIUM,off_5720e38db4,"Smoothie pêche,carottes,pomme,ananas,potiron","{""declared_kcal"": 44.0, ""computed_kcal"": 34.2, ""P"": 0, ""C"": 8.1, ""F"": 0.2}"
D10_macros_implausible,MEDIUM,off_26a50c4ab1,Alcachofa troceada,"{""declared_kcal"": 36.0, ""computed_kcal"": 25.8, ""P"": 3.3, ""C"": 2.7, ""F"": 0.2}"
D10_macros_implausible,MEDIUM,off_cc1f1c1cbd,Corazones de alcachofa congelados,"{""declared_kcal"": 36.0, ""computed_kcal"": 25.8, ""P"": 3.3, ""C"": 2.7, ""F"": 0.2}"
D10_macros_implausible,MEDIUM,off_174373134b,Lonchas de queso Gouda,"{""declared_kcal"": 357.0, ""computed_kcal"": 276.0, ""P"": 24.0, ""C"": 0, ""F"": 20.0}"
D10_macros_implausible,MEDIUM,off_149f72fe91,Postre leche,"{""declared_kcal"": 55.4, ""computed_kcal"": 270.3, ""P"": 6.7, ""C"": 53.0, ""F"": 3.5}"
D10_macros_implausible,MEDIUM,off_620fbfe68a,Mezcla de frutas congeladas,"{""declared_kcal"": 94.4, ""computed_kcal"": 74.2, ""P"": 1.3, ""C"": 10.5, ""F"": 3.0}"
D10_macros_implausible,MEDIUM,off_1e8b150315,Mezcla de frutas del bosque congeladas &quot;Carrefour&quot;,"{""declared_kcal"": 47.1, ""computed_kcal"": 36.5, ""P"": 1.4, ""C"": 7.5, ""F"": 0.1}"
D10_macros_implausible,MEDIUM,off_041bafa09c,Bravo Nuss mischung,"{""declared_kcal"": 370.0, ""computed_kcal"": 34.3, ""P"": 3.5, ""C"": 0.8, ""F"": 1.9}"
D10_macros_implausible,MEDIUM,off_f68d546b4f,Queso fundido en dados light,"{""declared_kcal"": 248.0, ""computed_kcal"": 151.9, ""P"": 14.0, ""C"": 2.6, ""F"": 9.5}"
D10_macros_implausible,MEDIUM,off_e1caafcbf7,Bebida de frutas rojas antioxidante,"{""declared_kcal"": 32.0, ""computed_kcal"": 23.7, ""P"": 0.2, ""C"": 5.5, ""F"": 0.1}"
D10_macros_implausible,MEDIUM,off_b7f0ca34cb,Brotes de judía mungo en conserva ecológicas &quot;Carrefour Bio&quot; A los tres pimientos,"{""declared_kcal"": 32.0, ""computed_kcal"": 24.0, ""P"": 1.5, ""C"": 4.5, ""F"": 0}"
D10_macros_implausible,MEDIUM,off_2130aadea9,Bebida de arándanos y frutas rojas,"{""declared_kcal"": 19.0, ""computed_kcal"": 14.8, ""P"": 0.2, ""C"": 3.5, ""F"": 0}"
D10_macros_implausible,MEDIUM,off_b2f3895eac,Sazonador ensalada,"{""declared_kcal"": 110.0, ""computed_kcal"": 81.3, ""P"": 4.2, ""C"": 10.5, ""F"": 2.5}"
D10_macros_implausible,MEDIUM,off_936546aeb6,Corazones de alcachofa,"{""declared_kcal"": 65.0, ""computed_kcal"": 45.3, ""P"": 2.9, ""C"": 8.2, ""F"": 0.1}"
D10_macros_implausible,MEDIUM,off_f66bfecdcd,Cardo troceado,"{""declared_kcal"": 45.0, ""computed_kcal"": 34.5, ""P"": 0.4, ""C"": 8.0, ""F"": 0.1}"
D10_macros_implausible,MEDIUM,off_f86de0b30f,Bacalao vizcaína,"{""declared_kcal"": 87.0, ""computed_kcal"": 69.6, ""P"": 14.2, ""C"": 0.5, ""F"": 1.2}"
D10_macros_implausible,MEDIUM,off_84bf4d1939,Cremoso limon,"{""declared_kcal"": 61.0, ""computed_kcal"": 43.9, ""P"": 0.3, ""C"": 10.0, ""F"": 0.3}"
D10_macros_implausible,MEDIUM,off_98d15c98d2,Mazorquitas,"{""declared_kcal"": 44.0, ""computed_kcal"": 32.0, ""P"": 2.0, ""C"": 6.0, ""F"": 0}"
D10_macros_implausible,MEDIUM,off_d7e4665adc,Especial,"{""declared_kcal"": 48.0, ""computed_kcal"": 21.0, ""P"": 0.42, ""C"": 3.7, ""F"": 0.5}"
D10_macros_implausible,MEDIUM,off_7ff21627f2,Salsa picante extra,"{""declared_kcal"": 54.0, ""computed_kcal"": 26.5, ""P"": 0.6, ""C"": 4.0, ""F"": 0.9}"
D10_macros_implausible,MEDIUM,off_0aa4767c1e,Parrillada con gambas,"{""declared_kcal"": 49.0, ""computed_kcal"": 36.4, ""P"": 2.8, ""C"": 6.3, ""F"": 0}"
D10_macros_implausible,MEDIUM,off_99f049a5f7,Canónigos,"{""declared_kcal"": 38.6, ""computed_kcal"": 29.2, ""P"": 3.14, ""C"": 2.57, ""F"": 0.71}"
D10_macros_implausible,MEDIUM,off_9a1746a34a,Gélatine à la fraise,"{""declared_kcal"": 35.0, ""computed_kcal"": 64.0, ""P"": 8.0, ""C"": 8.0, ""F"": 0}"
D10_macros_implausible,MEDIUM,off_acffbfc8f7,Diver Xuxes,"{""declared_kcal"": 35.0, ""computed_kcal"": 51.7, ""P"": 3.5, ""C"": 8.3, ""F"": 0.5}"
D10_macros_implausible,MEDIUM,off_5073e56f55,Nubi mallow,"{""declared_kcal"": 36.0, ""computed_kcal"": 46.8, ""P"": 3.4, ""C"": 8.3, ""F"": 0}"
D10_macros_implausible,MEDIUM,off_800b2d17c5,Judías verdes*,"{""declared_kcal"": 35.0, ""computed_kcal"": 27.7, ""P"": 2.1, ""C"": 3.7, ""F"": 0.5}"
D10_macros_implausible,MEDIUM,off_109d213ee7,Judías verdes,"{""declared_kcal"": 18.0, ""computed_kcal"": 14.0, ""P"": 1.0, ""C"": 2.5, ""F"": 0}"
D10_macros_implausible,MEDIUM,off_abbed74b33,Coco rallado,"{""declared_kcal"": 676.0, ""computed_kcal"": 885.9, ""P"": 7.9, ""C"": 68.9, ""F"": 64.3}"
D10_macros_implausible,MEDIUM,off_98a5dda6b9,Mini clásico almendrado 0%,"{""declared_kcal"": 280.0, ""computed_kcal"": 111.6, ""P"": 4.9, ""C"": 23.0, ""F"": 0}"
D10_macros_implausible,MEDIUM,off_f56bc67f64,Zanahorias enteras,"{""declared_kcal"": 28.0, ""computed_kcal"": 17.6, ""P"": 0.8, ""C"": 3.6, ""F"": 0}"
D10_macros_implausible,MEDIUM,off_799b85ade4,Coctel fruta tropical,"{""declared_kcal"": 36.4, ""computed_kcal"": 367.1, ""P"": 0.6, ""C"": 80.6, ""F"": 4.7}"
D10_macros_implausible,MEDIUM,off_38d4968e2c,Salsa cocktail deluxe,"{""declared_kcal"": 59.4, ""computed_kcal"": 593.4, ""P"": 1.3, ""C"": 8.0, ""F"": 61.8}"
D10_macros_implausible,MEDIUM,off_a5a9631dff,Yogur Oveja Desnatado,"{""declared_kcal"": 58.0, ""computed_kcal"": 45.1, ""P"": 5.7, ""C"": 2.2, ""F"": 1.5}"
D10_macros_implausible,MEDIUM,off_9cc28fe234,Lomo curado,"{""declared_kcal"": 212.0, ""computed_kcal"": 270.3, ""P"": 38.1, ""C"": 2.4, ""F"": 12.03}"
D10_macros_implausible,MEDIUM,off_943f03be90,leche fermentada aromatizada sin lactosa y muesli,"{""declared_kcal"": 94.0, ""computed_kcal"": 71.3, ""P"": 4.4, ""C"": 8.7, ""F"": 2.1}"
D10_macros_implausible,MEDIUM,off_db7287ae55,Lean Bar Blueberry Yogurt,"{""declared_kcal"": 180.0, ""computed_kcal"": 404.0, ""P"": 30.0, ""C"": 44.0, ""F"": 12.0}"
D10_macros_implausible,MEDIUM,off_89c8b5c2e8,Natural Zero Yogurt Hierbas,"{""declared_kcal"": 23.0, ""computed_kcal"": 18.4, ""P"": 0, ""C"": 4.6, ""F"": 0}"
D10_macros_implausible,MEDIUM,off_07519fd7b5,Queso tierno light en lonchas,"{""declared_kcal"": 220.0, ""computed_kcal"": 305.0, ""P"": 26.0, ""C"": 3.0, ""F"": 21.0}"
D10_macros_implausible,MEDIUM,off_81534f53c5,Queso tierno alto contenido de proteínas,"{""declared_kcal"": 338.0, ""computed_kcal"": 218.0, ""P"": 40.0, ""C"": 1.0, ""F"": 6.0}"
D10_macros_implausible,MEDIUM,off_ebff2fab4f,Queso fresco tradicional cabra,"{""declared_kcal"": 194.0, ""computed_kcal"": 293.0, ""P"": 15.0, ""C"": 2.0, ""F"": 25.0}"
D10_macros_implausible,MEDIUM,off_41b0e0a90a,Yoghourt artesanal con leche de vacas de pasto,"{""declared_kcal"": 60.0, ""computed_kcal"": 88.6, ""P"": 4.6, ""C"": 10.8, ""F"": 3.0}"
D10_macros_implausible,MEDIUM,off_1f211670c8,consomé de pollo,"{""declared_kcal"": 17.0, ""computed_kcal"": 13.2, ""P"": 0, ""C"": 3.3, ""F"": 0}"
D10_macros_implausible,MEDIUM,off_ed63a58216,Bacalao con salsa a la mediterránea,"{""declared_kcal"": 47.0, ""computed_kcal"": 59.0, ""P"": 11.5, ""C"": 1.0, ""F"": 1.0}"
D10_macros_implausible,MEDIUM,off_6798b8ed0a,Bacalao en su punto de sal,"{""declared_kcal"": 47.0, ""computed_kcal"": 82.5, ""P"": 11.88, ""C"": 2.0, ""F"": 3.0}"
D10_macros_implausible,MEDIUM,off_ec69000c43,Lomo de bacalao en su punto de sal,"{""declared_kcal"": 43.0, ""computed_kcal"": 85.1, ""P"": 12.53, ""C"": 2.0, ""F"": 3.0}"
D10_macros_implausible,MEDIUM,off_5d944217ea,Atun aceite de oliva extra virgen,"{""declared_kcal"": 214.0, ""computed_kcal"": 283.0, ""P"": 19.0, ""C"": 0, ""F"": 23.0}"
D10_macros_implausible,MEDIUM,off_851894ce3e,Crema de verdures,"{""declared_kcal"": 63.0, ""computed_kcal"": 45.8, ""P"": 0.9, ""C"": 3.8, ""F"": 3.0}"
D10_macros_implausible,MEDIUM,100041,Nescafé Classic,"{""declared_kcal"": 120.0, ""computed_kcal"": 45.8, ""P"": 8.0, ""C"": 3.0, ""F"": 0.2}"
D10_macros_implausible,MEDIUM,100062,Natillas Con chocolate,"{""declared_kcal"": 514.0, ""computed_kcal"": 122.3, ""P"": 3.6, ""C"": 20.0, ""F"": 3.1}"
D11_vague_name,LOW,off_c8ffecf6cf,Natural,"{""source"": ""Lidl""}"
D11_vague_name,LOW,off_f34a696bb4,Light,"{""source"": ""Lidl""}"
D11_vague_name,LOW,off_bf1a8fa8a3,Ligera,"{""source"": ""Mercadona""}"
D9_cooked_marked_raw,MEDIUM,off_8682131fd6,Sazonador Pollo Asado,{}
D1_missing_required,CRITICAL,tortita_4068263008160,Tortitas de almendra,"{""field"": ""macro_profile""}"
D1_missing_required,CRITICAL,tortita_24045087,Tortitas de sal,"{""field"": ""macro_profile""}"
D1_missing_required,CRITICAL,tortita_8422424100074,Tortitas De Trigo Auchan 8,"{""field"": ""macro_profile""}"
D1_missing_required,CRITICAL,tortita_8410376036046,Tortitas Arroz,"{""field"": ""macro_profile""}"
D1_missing_required,CRITICAL,tortita_8410376040456,Tortitas de Maíz,"{""field"": ""macro_profile""}"
D1_missing_required,CRITICAL,tortita_8422424100166,Tortitas de trigo,"{""field"": ""macro_profile""}"
D1_missing_required,CRITICAL,tortita_4068263002908,Tortitas de maiz,"{""field"": ""macro_profile""}"
D1_missing_required,CRITICAL,tortita_8431876280036,Mini tortitas de maiz con nata agria & cebolla,"{""field"": ""macro_profile""}"
D1_missing_required,CRITICAL,tortita_8431876280029,Mini tortitas de maiz con queso cheddar,"{""field"": ""macro_profile""}"
D1_missing_required,CRITICAL,tortita_8431876352139,TORTITAS ARROZ INTEGRAL Y TRIGO SARRACENO,"{""field"": ""macro_profile""}"
D1_missing_required,CRITICAL,tortita_8431876007930,Tortitas de arroz integral ecologicas,"{""field"": ""macro_profile""}"
D1_missing_required,CRITICAL,tortita_8431876118230,Tortitas de arroz integrales ecológica,"{""field"": ""macro_profile""}"
D1_missing_required,CRITICAL,tortita_3560071014193,Tortitas de maíz ecológicas,"{""field"": ""macro_profile""}"
D1_missing_required,CRITICAL,tortita_8431876276220,Tortitas arroz con amaranto,"{""field"": ""macro_profile""}"
D1_missing_required,CRITICAL,tortita_8431876276237,Tortitas arroz con quinoa,"{""field"": ""macro_profile""}"
D1_missing_required,CRITICAL,tortita_8431876332438,Tortitas arroz integral,"{""field"": ""macro_profile""}"
D1_missing_required,CRITICAL,tortita_8431876218275,Tortitas de arroz y maíz,"{""field"": ""macro_profile""}"
D1_missing_required,CRITICAL,tortita_8431876270617,Tortitas de arroz,"{""field"": ""macro_profile""}"
D1_missing_required,CRITICAL,tortita_8431876276244,Tortitas maiz multicereales,"{""field"": ""macro_profile""}"
D1_missing_required,CRITICAL,tortita_8431876186994,Tortitas,"{""field"": ""macro_profile""}"
D1_missing_required,CRITICAL,tortita_8414807549273,Tortitas de arroz integral,"{""field"": ""macro_profile""}"
D1_missing_required,CRITICAL,tortita_8414807549303,Tortitas maiz,"{""field"": ""macro_profile""}"
D1_missing_required,CRITICAL,tortita_8480017102713,Mini Tortitas de Maíz y Arroz Sabor Queso,"{""field"": ""macro_profile""}"
D1_missing_required,CRITICAL,tortita_8480017198815,Mini tortitas de maíz,"{""field"": ""macro_profile""}"
D1_missing_required,CRITICAL,tortita_8480017102706,Tortitas mini de Maíz y Arroz,"{""field"": ""macro_profile""}"
D1_missing_required,CRITICAL,tortita_8433329079662,Bio tortitas de espelta,"{""field"": ""macro_profile""}"
D1_missing_required,CRITICAL,tortita_8433329135016,Tortitas de trigo espelta,"{""field"": ""macro_profile""}"
D1_missing_required,CRITICAL,tortita_8480010193107,Mini tortitas de maiz sabor sour cream and onion,"{""field"": ""macro_profile""}"
D1_missing_required,CRITICAL,tortita_8480010193114,Mini tortitas de maiz,"{""field"": ""macro_profile""}"
D1_missing_required,CRITICAL,tortita_8480010193121,Minitortitas de maiz,"{""field"": ""macro_profile""}"
D1_missing_required,CRITICAL,tortita_8480010182958,Tortita de maiz con quinoa,"{""field"": ""macro_profile""}"
D1_missing_required,CRITICAL,tortita_8480010195699,"Tortitas de arroz integral, trigo sarraceno, quinoa y lino","{""field"": ""macro_profile""}"
D1_missing_required,CRITICAL,tortita_8480010193077,Tortitas de arroz sin gluten,"{""field"": ""macro_profile""}"
D1_missing_required,CRITICAL,tortita_8480010182972,Tortitas de arroz y maíz sabor sour cream and onion,"{""field"": ""macro_profile""}"
D1_missing_required,CRITICAL,tortita_8480010193091,Tortitas de maiz sabor barbacoa,"{""field"": ""macro_profile""}"
D1_missing_required,CRITICAL,tortita_8480010193084,Tortitas de maíz sabor sour cream & onion,"{""field"": ""macro_profile""}"
D1_missing_required,CRITICAL,tortita_8480010193060,Tortitas de maíz sin gluten,"{""field"": ""macro_profile""}"
D1_missing_required,CRITICAL,tortita_8480000864833,Tortitas de arroz y legumbres,"{""field"": ""macro_profile""}"
D1_missing_required,CRITICAL,tortita_8480000140005,Tortitas de avena arroz,"{""field"": ""macro_profile""}"
D1_missing_required,CRITICAL,tortita_8402001010187,Tortitas de maíz sabor jamón serrano,"{""field"": ""macro_profile""}"
D1_missing_required,CRITICAL,tortita_8402001039263,Tortitas Milho Campestre,"{""field"": ""macro_profile""}"
D1_missing_required,CRITICAL,100001,Queso fresco cottage,"{""field"": ""source""}"
D1_missing_required,CRITICAL,100001,Queso fresco cottage,"{""field"": ""macro_profile""}"
D1_missing_required,CRITICAL,100002,Cottage Cheese,"{""field"": ""source""}"
D1_missing_required,CRITICAL,100002,Cottage Cheese,"{""field"": ""macro_profile""}"
D1_missing_required,CRITICAL,100003,Queso Fresco Quark,"{""field"": ""source""}"
D1_missing_required,CRITICAL,100003,Queso Fresco Quark,"{""field"": ""macro_profile""}"
D1_missing_required,CRITICAL,100004,Mousse Salmón,"{""field"": ""source""}"
D1_missing_required,CRITICAL,100004,Mousse Salmón,"{""field"": ""macro_profile""}"
D1_missing_required,CRITICAL,100005,Mousse Chocolate Proteínas,"{""field"": ""source""}"
D1_missing_required,CRITICAL,100005,Mousse Chocolate Proteínas,"{""field"": ""macro_profile""}"
D1_missing_required,CRITICAL,100006,Mousse vainilla,"{""field"": ""source""}"
D1_missing_required,CRITICAL,100006,Mousse vainilla,"{""field"": ""macro_profile""}"
D1_missing_required,CRITICAL,100007,Natillas Proteínas  Sabor Vainilla,"{""field"": ""source""}"
D1_missing_required,CRITICAL,100007,Natillas Proteínas  Sabor Vainilla,"{""field"": ""macro_profile""}"
D1_missing_required,CRITICAL,100008,Pudding Sabor Caramelo Proteínas,"{""field"": ""source""}"
D1_missing_required,CRITICAL,100008,Pudding Sabor Caramelo Proteínas,"{""field"": ""macro_profile""}"
D1_missing_required,CRITICAL,100009,Flan de huevo proteínas 0%,"{""field"": ""source""}"
D1_missing_required,CRITICAL,100009,Flan de huevo proteínas 0%,"{""field"": ""macro_profile""}"
D1_missing_required,CRITICAL,100010,Mousse protéica con sabor a chocolate,"{""field"": ""source""}"
D1_missing_required,CRITICAL,100010,Mousse protéica con sabor a chocolate,"{""field"": ""macro_profile""}"
D1_missing_required,CRITICAL,100011,High Protein Chocolate Pudding,"{""field"": ""source""}"
D1_missing_required,CRITICAL,100011,High Protein Chocolate Pudding,"{""field"": ""macro_profile""}"
D1_missing_required,CRITICAL,100012,Yogur proteínas stracciatella 0%,"{""field"": ""source""}"
D1_missing_required,CRITICAL,100012,Yogur proteínas stracciatella 0%,"{""field"": ""macro_profile""}"
D1_missing_required,CRITICAL,100013,Requesón,"{""field"": ""source""}"
D1_missing_required,CRITICAL,100013,Requesón,"{""field"": ""macro_profile""}"
D1_missing_required,CRITICAL,100014,Postre de chocolate proteínas,"{""field"": ""source""}"
D1_missing_required,CRITICAL,100014,Postre de chocolate proteínas,"{""field"": ""macro_profile""}"
D1_missing_required,CRITICAL,100015,Proteinas Limón,"{""field"": ""source""}"
D1_missing_required,CRITICAL,100015,Proteinas Limón,"{""field"": ""macro_profile""}"
D1_missing_required,CRITICAL,100016,Kéfir Coco,"{""field"": ""source""}"
D1_missing_required,CRITICAL,100016,Kéfir Coco,"{""field"": ""macro_profile""}"
D1_missing_required,CRITICAL,100017,Proteínas Sabor Tropical,"{""field"": ""source""}"
D1_missing_required,CRITICAL,100017,Proteínas Sabor Tropical,"{""field"": ""macro_profile""}"
D1_missing_required,CRITICAL,100018,Skyrella,"{""field"": ""source""}"
D1_missing_required,CRITICAL,100018,Skyrella,"{""field"": ""macro_profile""}"
D1_missing_required,CRITICAL,100019,Queso fresco batido melocotón y maracuyá,"{""field"": ""source""}"
D1_missing_required,CRITICAL,100019,Queso fresco batido melocotón y maracuyá,"{""field"": ""macro_profile""}"
D1_missing_required,CRITICAL,100020,Chocolate & Topping with Protein,"{""field"": ""source""}"
D1_missing_required,CRITICAL,100020,Chocolate & Topping with Protein,"{""field"": ""macro_profile""}"
D1_missing_required,CRITICAL,100021,Greek style yoghurt low-fat,"{""field"": ""source""}"
D1_missing_required,CRITICAL,100021,Greek style yoghurt low-fat,"{""field"": ""macro_profile""}"
D1_missing_required,CRITICAL,100022,Yogur proteínas,"{""field"": ""source""}"
D1_missing_required,CRITICAL,100022,Yogur proteínas,"{""field"": ""macro_profile""}"
D1_missing_required,CRITICAL,100023,Pudding proteínas vainilla,"{""field"": ""source""}"
D1_missing_required,CRITICAL,100023,Pudding proteínas vainilla,"{""field"": ""macro_profile""}"
D1_missing_required,CRITICAL,100024,High Protein Sour Cherry,"{""field"": ""source""}"
D1_missing_required,CRITICAL,100024,High Protein Sour Cherry,"{""field"": ""macro_profile""}"
D1_missing_required,CRITICAL,100025,Budino Proteico Cioccolato XXL,"{""field"": ""source""}"
D1_missing_required,CRITICAL,100025,Budino Proteico Cioccolato XXL,"{""field"": ""macro_profile""}"
D1_missing_required,CRITICAL,100026,High Protein Pudding Kokos,"{""field"": ""source""}"
D1_missing_required,CRITICAL,100026,High Protein Pudding Kokos,"{""field"": ""macro_profile""}"
D1_missing_required,CRITICAL,100027,High protein mousse vainilla,"{""field"": ""source""}"
D1_missing_required,CRITICAL,100027,High protein mousse vainilla,"{""field"": ""macro_profile""}"
D1_missing_required,CRITICAL,100028,High Protein Flan,"{""field"": ""source""}"
D1_missing_required,CRITICAL,100028,High Protein Flan,"{""field"": ""macro_profile""}"
D1_missing_required,CRITICAL,100029,Postre gelaficado con gelatina. Frutos rojos,"{""field"": ""source""}"
D1_missing_required,CRITICAL,100029,Postre gelaficado con gelatina. Frutos rojos,"{""field"": ""macro_profile""}"
D1_missing_required,CRITICAL,100030,Caramel Pudding,"{""field"": ""source""}"
D1_missing_required,CRITICAL,100030,Caramel Pudding,"{""field"": ""macro_profile""}"
D1_missing_required,CRITICAL,100031,High Protein Mousse Chocolate,"{""field"": ""source""}"
D1_missing_required,CRITICAL,100031,High Protein Mousse Chocolate,"{""field"": ""macro_profile""}"
D1_missing_required,CRITICAL,100032,High Protein Natillas Chocolate,"{""field"": ""source""}"
D1_missing_required,CRITICAL,100032,High Protein Natillas Chocolate,"{""field"": ""macro_profile""}"
D1_missing_required,CRITICAL,100033,High Protein Strataciella,"{""field"": ""source""}"
D1_missing_required,CRITICAL,100033,High Protein Strataciella,"{""field"": ""macro_profile""}"
D1_missing_required,CRITICAL,100034,Bio Skyr vanilla,"{""field"": ""source""}"
D1_missing_required,CRITICAL,100034,Bio Skyr vanilla,"{""field"": ""macro_profile""}"
D1_missing_required,CRITICAL,100035,"Banana, Mango & Cereals Strained Yogurt Dessert","{""field"": ""source""}"
D1_missing_required,CRITICAL,100035,"Banana, Mango & Cereals Strained Yogurt Dessert","{""field"": ""macro_profile""}"
D1_missing_required,CRITICAL,100036,Light Greek Style Yogurt,"{""field"": ""source""}"
D1_missing_required,CRITICAL,100036,Light Greek Style Yogurt,"{""field"": ""macro_profile""}"
D1_missing_required,CRITICAL,100037,Skyr rutinario y frambuesa,"{""field"": ""source""}"
D1_missing_required,CRITICAL,100037,Skyr rutinario y frambuesa,"{""field"": ""macro_profile""}"
D1_missing_required,CRITICAL,100038,Yogur Fresa,"{""field"": ""source""}"
D1_missing_required,CRITICAL,100038,Yogur Fresa,"{""field"": ""macro_profile""}"
D1_missing_required,CRITICAL,100039,Falafel,"{""field"": ""source""}"
D1_missing_required,CRITICAL,100039,Falafel,"{""field"": ""macro_profile""}"
D1_missing_required,CRITICAL,100040,Skyr de Frambuesa,"{""field"": ""source""}"
D1_missing_required,CRITICAL,100040,Skyr de Frambuesa,"{""field"": ""macro_profile""}"
D1_missing_required,CRITICAL,100041,Nescafé Classic,"{""field"": ""source""}"
D1_missing_required,CRITICAL,100041,Nescafé Classic,"{""field"": ""macro_profile""}"
D1_missing_required,CRITICAL,100042,Pudin de Bonito del Norte,"{""field"": ""source""}"
D1_missing_required,CRITICAL,100042,Pudin de Bonito del Norte,"{""field"": ""macro_profile""}"
D1_missing_required,CRITICAL,100043,Quark con Frambues,"{""field"": ""source""}"
D1_missing_required,CRITICAL,100043,Quark con Frambues,"{""field"": ""macro_profile""}"
D1_missing_required,CRITICAL,100044,Quark con Fresa,"{""field"": ""source""}"
D1_missing_required,CRITICAL,100044,Quark con Fresa,"{""field"": ""macro_profile""}"
D1_missing_required,CRITICAL,100045,Queso Cottage proteico,"{""field"": ""source""}"
D1_missing_required,CRITICAL,100045,Queso Cottage proteico,"{""field"": ""macro_profile""}"
D1_missing_required,CRITICAL,100046,Requesón,"{""field"": ""source""}"
D1_missing_required,CRITICAL,100046,Requesón,"{""field"": ""macro_profile""}"
D1_missing_required,CRITICAL,100047,Requesón,"{""field"": ""source""}"
D1_missing_required,CRITICAL,100047,Requesón,"{""field"": ""macro_profile""}"
D1_missing_required,CRITICAL,100048,Profeel Protein Mousse Chocolate,"{""field"": ""source""}"
D1_missing_required,CRITICAL,100048,Profeel Protein Mousse Chocolate,"{""field"": ""macro_profile""}"
D1_missing_required,CRITICAL,100049,Mousse de cabracho,"{""field"": ""source""}"
D1_missing_required,CRITICAL,100049,Mousse de cabracho,"{""field"": ""macro_profile""}"
D1_missing_required,CRITICAL,100050,Requesón,"{""field"": ""source""}"
D1_missing_required,CRITICAL,100050,Requesón,"{""field"": ""macro_profile""}"
D1_missing_required,CRITICAL,100051,Bebida láctea 00% vainilla proteína plus,"{""field"": ""source""}"
D1_missing_required,CRITICAL,100051,Bebida láctea 00% vainilla proteína plus,"{""field"": ""macro_profile""}"
D1_missing_required,CRITICAL,100052,Natillas sabor vainilla high protein,"{""field"": ""source""}"
D1_missing_required,CRITICAL,100052,Natillas sabor vainilla high protein,"{""field"": ""macro_profile""}"
D1_missing_required,CRITICAL,100053,Natillas Sabor A Vainilla PROteína Plus,"{""field"": ""source""}"
D1_missing_required,CRITICAL,100053,Natillas Sabor A Vainilla PROteína Plus,"{""field"": ""macro_profile""}"
D1_missing_required,CRITICAL,100054,Protein Pudding Caramel Flavour,"{""field"": ""source""}"
D1_missing_required,CRITICAL,100054,Protein Pudding Caramel Flavour,"{""field"": ""macro_profile""}"
D1_missing_required,CRITICAL,100055,Natillas Sabor Vainilla Protein +,"{""field"": ""source""}"
D1_missing_required,CRITICAL,100055,Natillas Sabor Vainilla Protein +,"{""field"": ""macro_profile""}"
D1_missing_required,CRITICAL,100056,Pudding sabor cacahuete PROteína,"{""field"": ""source""}"
D1_missing_required,CRITICAL,100056,Pudding sabor cacahuete PROteína,"{""field"": ""macro_profile""}"
D1_missing_required,CRITICAL,100057,Pudding Sabor Caramelo Salado PROteína Plus,"{""field"": ""source""}"
D1_missing_required,CRITICAL,100057,Pudding Sabor Caramelo Salado PROteína Plus,"{""field"": ""macro_profile""}"
D1_missing_required,CRITICAL,100058,Postre 0% azucares añadidos chocolate proteina plus,"{""field"": ""source""}"
D1_missing_required,CRITICAL,100058,Postre 0% azucares añadidos chocolate proteina plus,"{""field"": ""macro_profile""}"
D1_missing_required,CRITICAL,100059,Proteínas Plus Chocolate,"{""field"": ""source""}"
D1_missing_required,CRITICAL,100059,Proteínas Plus Chocolate,"{""field"": ""macro_profile""}"
D1_missing_required,CRITICAL,100060,Natillas con caramelo altas en proteínas,"{""field"": ""source""}"
D1_missing_required,CRITICAL,100060,Natillas con caramelo altas en proteínas,"{""field"": ""macro_profile""}"
D1_missing_required,CRITICAL,100061,Flan De Clara De Huevo,"{""field"": ""source""}"
D1_missing_required,CRITICAL,100061,Flan De Clara De Huevo,"{""field"": ""macro_profile""}"
D1_missing_required,CRITICAL,100062,Natillas Con chocolate,"{""field"": ""source""}"
D1_missing_required,CRITICAL,100062,Natillas Con chocolate,"{""field"": ""macro_profile""}"
D1_missing_required,CRITICAL,100063,"Natillas, Chicolate, High Protein","{""field"": ""source""}"
D1_missing_required,CRITICAL,100063,"Natillas, Chicolate, High Protein","{""field"": ""macro_profile""}"
D1_missing_required,CRITICAL,100064,Mousse de cacao alta en proteínas,"{""field"": ""source""}"
D1_missing_required,CRITICAL,100064,Mousse de cacao alta en proteínas,"{""field"": ""macro_profile""}"
D1_missing_required,CRITICAL,100065,Pudding sabor chocolate,"{""field"": ""source""}"
D1_missing_required,CRITICAL,100065,Pudding sabor chocolate,"{""field"": ""macro_profile""}"
D1_missing_required,CRITICAL,100066,High Protein Mousse Chocolate,"{""field"": ""source""}"
D1_missing_required,CRITICAL,100066,High Protein Mousse Chocolate,"{""field"": ""macro_profile""}"
D1_missing_required,CRITICAL,100067,Queso fresco batido proteína plus,"{""field"": ""source""}"
D1_missing_required,CRITICAL,100067,Queso fresco batido proteína plus,"{""field"": ""macro_profile""}"
D1_missing_required,CRITICAL,100068,ProFeel Protein Snack Mango & Vanilla,"{""field"": ""source""}"
D1_missing_required,CRITICAL,100068,ProFeel Protein Snack Mango & Vanilla,"{""field"": ""macro_profile""}"
D1_missing_required,CRITICAL,100069,Yogur High Protein Stracciatella,"{""field"": ""source""}"
D1_missing_required,CRITICAL,100069,Yogur High Protein Stracciatella,"{""field"": ""macro_profile""}"
D1_missing_required,CRITICAL,100070,High protein natural,"{""field"": ""source""}"
D1_missing_required,CRITICAL,100070,High protein natural,"{""field"": ""macro_profile""}"
D1_missing_required,CRITICAL,100071,Mousse 4 Quesos,"{""field"": ""source""}"
D1_missing_required,CRITICAL,100071,Mousse 4 Quesos,"{""field"": ""macro_profile""}"
D1_missing_required,CRITICAL,100072,Requesón tradicional,"{""field"": ""source""}"
D1_missing_required,CRITICAL,100072,Requesón tradicional,"{""field"": ""macro_profile""}"
D1_missing_required,CRITICAL,100073,Bocaditos en gelatina,"{""field"": ""source""}"
D1_missing_required,CRITICAL,100073,Bocaditos en gelatina,"{""field"": ""macro_profile""}"
D1_missing_required,CRITICAL,100074,Yogur colado receta griega,"{""field"": ""source""}"
D1_missing_required,CRITICAL,100074,Yogur colado receta griega,"{""field"": ""macro_profile""}"
D1_missing_required,CRITICAL,100075,Queso fresco batido,"{""field"": ""source""}"
D1_missing_required,CRITICAL,100075,Queso fresco batido,"{""field"": ""macro_profile""}"
D1_missing_required,CRITICAL,100076,Yogur Frutos del Bosque + Proteína,"{""field"": ""source""}"
D1_missing_required,CRITICAL,100076,Yogur Frutos del Bosque + Proteína,"{""field"": ""macro_profile""}"
D1_missing_required,CRITICAL,100077,Postre proteína 0% fresa,"{""field"": ""source""}"
D1_missing_required,CRITICAL,100077,Postre proteína 0% fresa,"{""field"": ""macro_profile""}"
D1_missing_required,CRITICAL,100078,Postre proteína 0% arándanos,"{""field"": ""source""}"
D1_missing_required,CRITICAL,100078,Postre proteína 0% arándanos,"{""field"": ""macro_profile""}"
D1_missing_required,CRITICAL,100079,Skyr + protein,"{""field"": ""source""}"
D1_missing_required,CRITICAL,100079,Skyr + protein,"{""field"": ""macro_profile""}"
D1_missing_required,CRITICAL,100080,Skyr Natural,"{""field"": ""source""}"
D1_missing_required,CRITICAL,100080,Skyr Natural,"{""field"": ""macro_profile""}"
D1_missing_required,CRITICAL,100081,Flan De Huevo Proteina,"{""field"": ""source""}"
D1_missing_required,CRITICAL,100081,Flan De Huevo Proteina,"{""field"": ""macro_profile""}"
D1_missing_required,CRITICAL,100082,Flan proteina de clara de huevo 0%,"{""field"": ""source""}"
D1_missing_required,CRITICAL,100082,Flan proteina de clara de huevo 0%,"{""field"": ""macro_profile""}"
D1_missing_required,CRITICAL,100083,Skyr Natural 00%,"{""field"": ""source""}"
D1_missing_required,CRITICAL,100083,Skyr Natural 00%,"{""field"": ""macro_profile""}"
D1_missing_required,CRITICAL,100084,Mousse De Salmón Con Queso De Cabra,"{""field"": ""source""}"
D1_missing_required,CRITICAL,100084,Mousse De Salmón Con Queso De Cabra,"{""field"": ""macro_profile""}"
D1_missing_required,CRITICAL,100085,Skyr,"{""field"": ""source""}"
D1_missing_required,CRITICAL,100085,Skyr,"{""field"": ""macro_profile""}"
D1_missing_required,CRITICAL,100086,Yogur Protein Plátano,"{""field"": ""source""}"
D1_missing_required,CRITICAL,100086,Yogur Protein Plátano,"{""field"": ""macro_profile""}"
D1_missing_required,CRITICAL,100087,Yogur líquido sabor tropical,"{""field"": ""source""}"
D1_missing_required,CRITICAL,100087,Yogur líquido sabor tropical,"{""field"": ""macro_profile""}"
D1_missing_required,CRITICAL,100088,Yogur líquido sabor plátano proteína,"{""field"": ""source""}"
D1_missing_required,CRITICAL,100088,Yogur líquido sabor plátano proteína,"{""field"": ""macro_profile""}"
D1_missing_required,CRITICAL,100089,Yogur líquido sabor fresa proteína,"{""field"": ""source""}"
D1_missing_required,CRITICAL,100089,Yogur líquido sabor fresa proteína,"{""field"": ""macro_profile""}"
D1_missing_required,CRITICAL,100090,Yogur sabor tropical,"{""field"": ""source""}"
D1_missing_required,CRITICAL,100090,Yogur sabor tropical,"{""field"": ""macro_profile""}"
D1_missing_required,CRITICAL,100091,Queso Fresco Batido,"{""field"": ""source""}"
D1_missing_required,CRITICAL,100091,Queso Fresco Batido,"{""field"": ""macro_profile""}"
D1_missing_required,CRITICAL,100092,Skyr Fresa 0%Mg,"{""field"": ""source""}"
D1_missing_required,CRITICAL,100092,Skyr Fresa 0%Mg,"{""field"": ""macro_profile""}"
D1_missing_required,CRITICAL,100093,Fromages frais aux fruits,"{""field"": ""source""}"
D1_missing_required,CRITICAL,100093,Fromages frais aux fruits,"{""field"": ""macro_profile""}"
D12_duplicates,LOW,?,trigo inflado con miel,"{""macros"": ""P=8.2 C=81.0 F=2.9 kcal=393.0"", ""ids"": [""off_919a526b86"", ""off_1fe387404b""], ""count"": 2}"
D12_duplicates,LOW,?,queso fresco batido,"{""macros"": ""P=7.5 C=4.0 F=0 kcal=46.0"", ""ids"": [""off_7fe8cb3115"", 100075, 100091], ""count"": 3}"
D12_duplicates,LOW,?,skyr natural,"{""macros"": ""P=11.0 C=4.0 F=0.2 kcal=62.0"", ""ids"": [""off_8742857643"", 100080], ""count"": 2}"
D12_duplicates,LOW,?,requeson,"{""macros"": ""P=8.7 C=5.4 F=11.6 kcal=160.0"", ""ids"": [100013, 100046, 100047, 100050], ""count"": 4}"
D12_duplicates,LOW,?,high protein mousse chocolate,"{""macros"": ""P=10.0 C=5.2 F=1.6 kcal=75.0"", ""ids"": [100031, 100066], ""count"": 2}"
